Venue,Stadium Win Rate,FirstToBat,Home Field Advantage,SecondTeam,WinLose ratio bat or bowl first against team,Year,DewPoint,Humidity,WindSpeed,Temp,IndianPlayer1,IndianPlayer10,IndianPlayer11,IndianPlayer2,IndianPlayer3,IndianPlayer4,IndianPlayer5,IndianPlayer6,IndianPlayer7,IndianPlayer8,IndianPlayer9,OppositePlayer1,OppositePlayer10,OppositePlayer11,OppositePlayer2,OppositePlayer3,OppositePlayer4,OppositePlayer5,OppositePlayer6,OppositePlayer7,OppositePlayer8,OppositePlayer9,Winner
AMI Stadium,1,0,0,New Zealand,2,2009,9,63,9,18,P Kumar,SR Tendulkar,YK Pathan,MS Dhoni,V Sehwag,G Gambhir,Z Khan,Harbhajan Singh,MM Patel,SK Raina,Yuvraj Singh,JD Ryder,BB McCullum,TG Southee,LRPL Taylor,JS Patel,KD Mills,MJ Guptill,IG Butler,PD McGlashan,GD Elliott,JDP Oram,1
Barabati Stadium,1,0,1,Sri Lanka,1.4,2014,16.67,66.4,9,23.3,AT Rayudu,SK Raina,AM Rahane,VR Aaron,I Sharma,V Kohli,AR Patel,WP Saha,S Dhawan,UT Yadav,R Ashwin,S Randiv,SMA Priyanjan,S Prasanna,TM Dilshan,DPMD Jayawardene,KTGD Prasad,PLS Gamage,WU Tharanga,KC Sangakkara,NLTC Perera,AD Mathews,0
"Beausejour Stadium, Gros Islet",0.5,1,0,West Indies,1.64,2009,24,78,25,28,RP Singh,Yuvraj Singh,,MS Dhoni,I Sharma,A Nehra,G Gambhir,RG Sharma,KD Karthik,Harbhajan Singh,YK Pathan,R Rampaul,JE Taylor,S Chanderpaul,DM Bravo,SJ Benn,CH Gayle,D Ramdin,RS Morton,DE Bernard,DJ Bravo,RR Sarwan,0
Bellerive Oval,1,1,0,Sri Lanka,1.9,2008,8,62,12,14,P Kumar,SR Tendulkar,,I Sharma,G Gambhir,RV Uthappa,RG Sharma,Harbhajan Singh,MM Patel,IK Pathan,Yuvraj Singh,LPC Silva,MDK Perera,DPMD Jayawardene,TM Dilshan,SL Malinga,ST Jayasuriya,KC Sangakkara,CK Kapugedera,WPUJC Vaas,M Muralitharan,MKDI Amerasinghe,0
Bellerive Oval,1,1,0,Sri Lanka,1.9,2012,10,68,15,16,P Kumar,SR Tendulkar,,V Sehwag,V Kohli,Z Khan,G Gambhir,R Ashwin,RA Jadeja,UT Yadav,SK Raina,HMRKB Herath,DPMD Jayawardene,,KMDN Kulasekara,TM Dilshan,SL Malinga,KC Sangakkara,NLTC Perera,AD Mathews,LD Chandimal,MF Maharoof,0
"Brisbane Cricket Ground, Woolloongabba",0.1428571429,0,0,Australia,0.5,2016,19,67,14,25,MS Dhoni,UT Yadav,AM Rahane,MK Pandey,I Sharma,V Kohli,BB Sran,RG Sharma,S Dhawan,RA Jadeja,R Ashwin,GJ Maxwell,KW Richardson,,JP Faulkner,SPD Smith,GJ Bailey,AJ Finch,JW Hastings,JS Paris,SE Marsh,SM Boland,1
"Brisbane Cricket Ground, Woolloongabba",0.1428571429,0,0,Australia,0.5,2008,15,66,13,20,PP Chawla,SR Tendulkar,S Sreesanth,P Kumar,MS Dhoni,G Gambhir,RG Sharma,RV Uthappa,Harbhajan Singh,IK Pathan,Yuvraj Singh,RT Ponting,MG Johnson,MEK Hussey,MJ Clarke,ML Hayden,B Lee,NW Bracken,A Symonds,SR Clark,AC Gilchrist,JR Hopes,0
"Brisbane Cricket Ground, Woolloongabba",0.1428571429,0,0,England,1.25,2015,19,72,14,24,AT Rayudu,STR Binny,AM Rahane,B Kumar,MS Dhoni,V Kohli,AR Patel,S Dhawan,UT Yadav,SK Raina,Mohammed Shami,SCJ Broad,,,IR Bell,ST Finn,MM Ali,JM Anderson,JWA Taylor,CR Woakes,,,1
"Brisbane Cricket Ground, Woolloongabba",0.1428571429,1,0,Australia,0.6,2012,21,77,10,24,MS Dhoni,SR Tendulkar,R Vinay Kumar,V Kohli,Z Khan,G Gambhir,RG Sharma,UT Yadav,RA Jadeja,IK Pathan,SK Raina,RT Ponting,BW Hilfenhaus,MEK Hussey,DA Warner,PJ Forrest,XJ Doherty,MS Wade,B Lee,MA Starc,DT Christian,DJ Hussey,1
"Brisbane Cricket Ground, Woolloongabba",0.1428571429,1,0,Sri Lanka,1.9,2012,22,83,13,26,V Sehwag,SR Tendulkar,R Vinay Kumar,V Kohli,G Gambhir,R Ashwin,UT Yadav,RA Jadeja,PA Patel,IK Pathan,SK Raina,HMRKB Herath,MF Maharoof,DPMD Jayawardene,KMDN Kulasekara,TM Dilshan,HDRL Thirimanne,SL Malinga,KC Sangakkara,NLTC Perera,AD Mathews,LD Chandimal,1
Captain Roop Singh Stadium,1,0,1,South Africa,2.33,2010,14,60,2,22,P Kumar,,,MS Dhoni,V Sehwag,A Nehra,KD Karthik,RA Jadeja,YK Pathan,SR Tendulkar,S Sreesanth,DW Steyn,RE van der Merwe,JH Kallis,JP Duminy,CK Langeveldt,AB de Villiers,HH Gibbs,MV Boucher,AN Petersen,WD Parnell,HM Amla,0
Captain Roop Singh Stadium,1,1,1,Pakistan,1.375,2007,12,49,0,22,RP Singh,SR Tendulkar,,MS Dhoni,V Sehwag,Z Khan,G Gambhir,SC Ganguly,Harbhajan Singh,IK Pathan,Yuvraj Singh,Salman Butt,Mohammad Yousuf,Misbah-ul-Haq,Sohail Tanvir,Kamran Akmal,Younis Khan,Shoaib Akhtar,Iftikhar Anjum,Umar Gul,Shoaib Malik,Shahid Afridi,0
"Civil Service Cricket Club, Stormont",0.75,0,0,South Africa,2.33,2007,7,71,20,11,PP Chawla,Yuvraj Singh,SR Tendulkar,RP Singh,RR Powar,R Dravid,G Gambhir,Z Khan,RG Sharma,KD Karthik,SC Ganguly,AB de Villiers,MN van Wyk,JH Kallis,CK Langeveldt,JP Duminy,AJ Hall,HH Gibbs,MV Boucher,M Ntini,A Nel,VD Philander,1
"Civil Service Cricket Club, Stormont",0.75,1,0,South Africa,0.666,2007,8,75,13,12,PP Chawla,Yuvraj Singh,SR Tendulkar,RP Singh,RR Powar,MS Dhoni,I Sharma,R Dravid,Z Khan,KD Karthik,SC Ganguly,JP Duminy,A Nel,JH Kallis,AB de Villiers,CK Langeveldt,AJ Hall,MV Boucher,HH Gibbs,M Ntini,MS Tshabalala,MN van Wyk,0
"Civil Service Cricket Club, Stormont",0.75,1,0,South Africa,0.666,2007,13,88,14,15,PP Chawla,SR Tendulkar,,AB Agarkar,RP Singh,MS Dhoni,R Dravid,Z Khan,G Gambhir,SC Ganguly,Yuvraj Singh,DW Steyn,JM Kemp,JH Kallis,JP Duminy,AB de Villiers,AJ Hall,HH Gibbs,MV Boucher,M Ntini,MN van Wyk,A Nel,0
County Ground,1,0,0,England,1.25,2007,13,77,11,18,AB Agarkar,Yuvraj Singh,SR Tendulkar,PP Chawla,RP Singh,RR Powar,MS Dhoni,R Dravid,KD Karthik,SC Ganguly,MM Patel,SCJ Broad,AN Cook,KP Pietersen,MJ Prior,IR Bell,CT Tremlett,RS Bopara,A Flintoff,PD Collingwood,JM Anderson,AD Mascarenhas,0
Dr. Y.S. Rajasekhara Reddy ACA-VDCA Cricket Stadium,0.75,1,1,Australia,0.6,2010,16.67,66.4,9,23.3,P Kumar,R Vinay Kumar,M Vijay,MS Dhoni,A Nehra,V Kohli,S Dhawan,SS Tiwary,R Ashwin,SK Raina,Yuvraj Singh,CJ McKay,CL White,MEK Hussey,MJ Clarke,SPD Smith,MA Starc,JW Hastings,TD Paine,SE Marsh,JR Hopes,NM Hauritz,0
Eden Gardens,0.6,0,1,England,1.25,2011,21,71,2,27,P Kumar,R Vinay Kumar,AM Rahane,MS Dhoni,VR Aaron,V Kohli,G Gambhir,RA Jadeja,R Ashwin,MK Tiwary,SK Raina,SC Meaker,AN Cook,SR Patel,GP Swann,C Kieswetter,IJL Trott,TT Bresnan,JM Bairstow,IR Bell,ST Finn,RS Bopara,0
Eden Gardens,0.6,0,1,Sri Lanka,1.4,2014,17,60,3,26,AT Rayudu,STR Binny,AM Rahane,V Kohli,AR Patel,RV Uthappa,RG Sharma,UT Yadav,KV Sharma,DS Kulkarni,SK Raina,RMS Eranga,LD Chandimal,S Prasanna,MDKJ Perera,KMDN Kulasekara,TM Dilshan,DPMD Jayawardene,HDRL Thirimanne,NLTC Perera,AD Mathews,BAW Mendis,0
Eden Gardens,0.6,1,1,Pakistan,1.375,2013,15,76,4,19,B Kumar,Yuvraj Singh,AB Dinda,MS Dhoni,I Sharma,V Sehwag,G Gambhir,V Kohli,R Ashwin,RA Jadeja,SK Raina,Saeed Ajmal,Mohammad Irfan,Misbah-ul-Haq,Kamran Akmal,Younis Khan,Nasir Jamshed,Umar Gul,Junaid Khan,Mohammad Hafeez,Azhar Ali,Shoaib Malik,1
Eden Gardens,0.6,1,1,Sri Lanka,1.9,2009,11,67,2,18,V Sehwag,SK Raina,SR Tendulkar,A Nehra,Z Khan,I Sharma,G Gambhir,V Kohli,KD Karthik,Harbhajan Singh,RA Jadeja,S Randiv,NLTC Perera,DPMD Jayawardene,TT Samaraweera,SHT Kandamby,RAS Lakmal,TM Dilshan,SL Malinga,ST Jayasuriya,WU Tharanga,KC Sangakkara,0
Eden Park,0.33,0,0,New Zealand,2,2009,13,83,8,16,P Kumar,Yuvraj Singh,YK Pathan,MS Dhoni,V Sehwag,I Sharma,G Gambhir,Z Khan,RG Sharma,Harbhajan Singh,SK Raina,JD Ryder,,,IE O'Brien,LRPL Taylor,KD Mills,MJ Guptill,DL Vettori,JDP Oram,BB McCullum,,1
Edgbaston,0.75,0,0,England,1.25,2013,10,81,21,13,B Kumar,UT Yadav,SK Raina,MS Dhoni,I Sharma,V Kohli,RG Sharma,KD Karthik,S Dhawan,RA Jadeja,R Ashwin,SCJ Broad,AN Cook,JE Root,JC Buttler,IJL Trott,TT Bresnan,JC Tredwell,IR Bell,RS Bopara,EJG Morgan,JM Anderson,0
Edgbaston,0.75,1,0,England,1.75,2014,10,71,7,16,B Kumar,,,V Kohli,S Dhawan,R Ashwin,RA Jadeja,DS Kulkarni,SK Raina,Mohammed Shami,AM Rahane,AD Hales,CR Woakes,JE Root,JC Buttler,GS Ballance,ST Finn,EJG Morgan,MM Ali,JM Anderson,HF Gurney,AN Cook,0
Edgbaston,0.75,1,0,England,1.75,2007,9,77,12,13,PP Chawla,Yuvraj Singh,SR Tendulkar,RP Singh,RR Powar,MS Dhoni,R Dravid,Z Khan,KD Karthik,SC Ganguly,MM Patel,OA Shah,AN Cook,KP Pietersen,SCJ Broad,MJ Prior,IR Bell,CT Tremlett,RS Bopara,PD Collingwood,JM Anderson,MS Panesar,1
Edgbaston,0.75,1,0,Pakistan,1.375,2013,8,78,18,12,B Kumar,,,I Sharma,V Kohli,RG Sharma,KD Karthik,S Dhawan,R Ashwin,UT Yadav,RA Jadeja,Saeed Ajmal,Misbah-ul-Haq,Umar Amin,Kamran Akmal,Nasir Jamshed,Asad Shafiq,Junaid Khan,Mohammad Hafeez,Wahab Riaz,Shoaib Malik,Mohammad Irfan,0
Feroz Shah Kotla,0.8333333333,0,1,Pakistan,1.25,2013,6,98,6,7,B Kumar,Shami Ahmed,AM Rahane,MS Dhoni,I Sharma,V Kohli,G Gambhir,R Ashwin,RA Jadeja,SK Raina,Yuvraj Singh,Saeed Ajmal,Mohammad Irfan,Misbah-ul-Haq,Kamran Akmal,Younis Khan,Nasir Jamshed,Umar Gul,Junaid Khan,Mohammad Hafeez,Umar Akmal,Shoaib Malik,0
Feroz Shah Kotla,0.8333333333,0,1,West Indies,1.22,2014,15,50,3,27,AT Rayudu,Mohammed Shami,AM Rahane,B Kumar,A Mishra,MS Dhoni,V Kohli,S Dhawan,RA Jadeja,UT Yadav,SK Raina,R Rampaul,DJG Sammy,JE Taylor,DM Bravo,SJ Benn,D Ramdin,DR Smith,AD Russell,DJ Bravo,MN Samuels,KA Pollard,0
Feroz Shah Kotla,0.8333333333,1,1,Australia,0.6,2009,9,38,5,24,P Kumar,Yuvraj Singh,SR Tendulkar,MS Dhoni,I Sharma,A Nehra,V Sehwag,G Gambhir,Harbhajan Singh,RA Jadeja,SK Raina,RT Ponting,MEK Hussey,,PM Siddle,MC Henriques,AC Voges,SR Watson,NM Hauritz,DE Bollinger,MG Johnson,CL White,0
Feroz Shah Kotla,0.8333333333,1,1,England,1.75,2011,12,45,3,26,P Kumar,,,V Kohli,G Gambhir,R Ashwin,RA Jadeja,UT Yadav,PA Patel,R Vinay Kumar,AM Rahane,GP Swann,KP Pietersen,SR Patel,IJL Trott,C Kieswetter,JM Bairstow,TT Bresnan,JW Dernbach,ST Finn,RS Bopara,AN Cook,0
Green Park,0.75,0,1,Pakistan,1.25,2007,16,64,2,22,RP Singh,Yuvraj Singh,SR Tendulkar,MS Dhoni,G Gambhir,Z Khan,RV Uthappa,M Kartik,SC Ganguly,Harbhajan Singh,IK Pathan,Salman Butt,Misbah-ul-Haq,Abdur Rehman,Sohail Tanvir,Kamran Akmal,Shoaib Akhtar,Younis Khan,Umar Gul,Shoaib Malik,Shahid Afridi,Mohammad Yousuf,0
Green Park,0.75,1,1,England,1.75,2008,18,75,2,22,MS Dhoni,Yuvraj Singh,SK Raina,I Sharma,V Sehwag,Z Khan,G Gambhir,RG Sharma,Harbhajan Singh,MM Patel,YK Pathan,OA Shah,KP Pietersen,SR Patel,GP Swann,SCJ Broad,MJ Prior,IR Bell,RS Bopara,A Flintoff,PD Collingwood,JM Anderson,0
Green Park,0.75,1,1,South Africa,0.666,2015,18,49,1,29,B Kumar,STR Binny,AM Rahane,A Mishra,MS Dhoni,V Kohli,RG Sharma,S Dhawan,R Ashwin,UT Yadav,SK Raina,DW Steyn,Imran Tahir,DA Miller,JP Duminy,AB de Villiers,K Rabada,M Morkel,F Behardien,Q de Kock,HM Amla,F du Plessis,1
Green Park,0.75,1,1,West Indies,1.64,2013,14,71,3,18,B Kumar,Yuvraj Singh,Mohammed Shami,MS Dhoni,V Kohli,MM Sharma,RG Sharma,S Dhawan,R Ashwin,RA Jadeja,SK Raina,R Rampaul,DJG Sammy,V Permaul,KOA Powell,DM Bravo,SP Narine,LMP Simmons,JO Holder,DJ Bravo,J Charles,MN Samuels,0
Headingley,0.5,0,0,England,1.25,2007,13,91,20,14,AB Agarkar,Yuvraj Singh,SR Tendulkar,PP Chawla,RR Powar,MS Dhoni,R Dravid,G Gambhir,Z Khan,KD Karthik,SC Ganguly,J Lewis,AN Cook,KP Pietersen,SCJ Broad,OA Shah,MJ Prior,IR Bell,RS Bopara,PD Collingwood,JM Anderson,MS Panesar,0
Headingley,0.5,1,0,England,1.75,2014,12,82,5,16,B Kumar,Mohammed Shami,AM Rahane,AT Rayudu,MS Dhoni,V Kohli,S Dhawan,R Ashwin,UT Yadav,RA Jadeja,SK Raina,AD Hales,CR Woakes,JE Root,JC Buttler,JC Tredwell,ST Finn,EJG Morgan,MM Ali,JM Anderson,AN Cook,BA Stokes,1
Holkar Cricket Stadium,1,0,1,South Africa,2.33,2015,12,29,8,27,B Kumar,SK Raina,AM Rahane,MS Dhoni,V Kohli,MM Sharma,AR Patel,RG Sharma,S Dhawan,Harbhajan Singh,UT Yadav,DW Steyn,Imran Tahir,DA Miller,JP Duminy,M Morkel,K Rabada,AB de Villiers,F Behardien,Q de Kock,HM Amla,F du Plessis,0
Holkar Cricket Stadium,1,0,1,West Indies,1.22,2011,12,44,7,24,R Sharma,SK Raina,R Vinay Kumar,V Sehwag,V Kohli,G Gambhir,RG Sharma,RA Jadeja,PA Patel,R Ashwin,A Mithun,R Rampaul,DJG Sammy,DP Hyatt,KOA Powell,MN Samuels,D Ramdin,SP Narine,LMP Simmons,KAJ Roach,AD Russell,KA Pollard,0
Indian Petrochemicals Corporation Limited Sports Complex Ground,0.5,0,1,West Indies,1.22,2007,16.67,66.4,9,23.3,AB Agarkar,Yuvraj Singh,SR Tendulkar,MS Dhoni,R Dravid,Z Khan,RV Uthappa,SC Ganguly,Harbhajan Singh,A Kumble,IK Pathan,DS Smith,RR Emrit,S Chanderpaul,CH Gayle,D Ramdin,BC Lara,LMP Simmons,DBL Powell,DR Smith,MN Samuels,IDR Bradshaw,0
JSCA International Stadium Complex,0.66,1,1,England,1.75,2013,14,61,6,20,B Kumar,Shami Ahmed,AM Rahane,MS Dhoni,I Sharma,V Kohli,G Gambhir,RA Jadeja,R Ashwin,SK Raina,Yuvraj Singh,C Kieswetter,KP Pietersen,JE Root,JW Dernbach,TT Bresnan,SR Patel,IR Bell,JC Tredwell,ST Finn,EJG Morgan,AN Cook,0
JSCA International Stadium Complex,0.66,1,1,Sri Lanka,1.9,2014,7,42,3,18,KM Jadhav,STR Binny,AM Rahane,AT Rayudu,V Kohli,AR Patel,RG Sharma,RV Uthappa,R Ashwin,KV Sharma,DS Kulkarni,RMS Eranga,BAW Mendis,DPMD Jayawardene,TM Dilshan,HDRL Thirimanne,N Dickwella,PLS Gamage,NLTC Perera,AD Mathews,LD Chandimal,S Prasanna,0
Kennington Oval,0.66,0,0,England,1.25,2011,16,84,12,18,RP Singh,SK Raina,AM Rahane,P Kumar,MS Dhoni,R Dravid,V Kohli,RA Jadeja,PA Patel,R Ashwin,MM Patel,SCJ Broad,AN Cook,BA Stokes,GP Swann,C Kieswetter,JW Dernbach,TT Bresnan,IJL Trott,IR Bell,RS Bopara,JM Anderson,1
Kennington Oval,0.66,1,0,England,1.75,2007,13,71,8,18,PP Chawla,Yuvraj Singh,SR Tendulkar,AB Agarkar,RR Powar,MS Dhoni,R Dravid,Z Khan,G Gambhir,RV Uthappa,SC Ganguly,OA Shah,AN Cook,KP Pietersen,SCJ Broad,MJ Prior,IR Bell,LJ Wright,PD Collingwood,JM Anderson,MS Panesar,AD Mascarenhas,0
Kennington Oval,0.66,1,0,West Indies,1.64,2013,11,81,12,13,B Kumar,,,I Sharma,V Kohli,RG Sharma,KD Karthik,S Dhawan,R Ashwin,UT Yadav,RA Jadeja,R Rampaul,KA Pollard,DJG Sammy,DM Bravo,RR Sarwan,CH Gayle,SP Narine,KAJ Roach,DJ Bravo,J Charles,MN Samuels,0
Khan Shaheb Osman Ali Stadium,0,0,0,Sri Lanka,1.4,2014,14,52,3,20,AT Rayudu,STR Binny,AM Rahane,B Kumar,V Kohli,RG Sharma,KD Karthik,S Dhawan,RA Jadeja,R Ashwin,Mohammed Shami,MDKJ Perera,LD Chandimal,DPMD Jayawardene,HDRL Thirimanne,SL Malinga,KC Sangakkara,NLTC Perera,SMSM Senanayake,AD Mathews,BAW Mendis,PC de Silva,1
Khan Shaheb Osman Ali Stadium,0,1,0,Bangladesh,3.2,2014,14,43,2,25,B Kumar,Mohammed Shami,AM Rahane,AT Rayudu,VR Aaron,V Kohli,RG Sharma,KD Karthik,S Dhawan,R Ashwin,RA Jadeja,Mashrafe Mortaza,Anamul Haque,Shamsur Rahman,Mushfiqur Rahim,Naeem Islam,Ziaur Rahman,Rubel Hossain,Abdur Razzak,Mominul Haque,Sohag Gazi,Nasir Hossain,0
Kingsmead,0,1,0,South Africa,0.666,2013,17,79,10,20,MS Dhoni,Mohammed Shami,AM Rahane,I Sharma,V Kohli,RG Sharma,S Dhawan,R Ashwin,UT Yadav,RA Jadeja,SK Raina,DW Steyn,VD Philander,DA Miller,JP Duminy,AB de Villiers,LL Tsotsobe,M Morkel,JH Kallis,Q de Kock,R McLaren,HM Amla,1
Kingsmead,0,1,0,South Africa,0.666,2011,20,81,8,24,MS Dhoni,SR Tendulkar,M Vijay,A Nehra,Z Khan,V Kohli,RG Sharma,Harbhajan Singh,MM Patel,SK Raina,Yuvraj Singh,DW Steyn,GC Smith,DA Miller,AB de Villiers,JP Duminy,M Morkel,LL Tsotsobe,J Botha,CA Ingram,WD Parnell,HM Amla,1
Kinrara Academy Oval,0.25,0,0,West Indies,1.22,2006,22,78,3,26,AB Agarkar,SK Raina,SR Tendulkar,RP Singh,MS Dhoni,V Sehwag,R Dravid,Harbhajan Singh,M Kaif,MM Patel,IK Pathan,CH Gayle,,,BC Lara,FH Edwards,DR Smith,DJ Bravo,RR Sarwan,IDR Bradshaw,JE Taylor,S Chanderpaul,1
Kinrara Academy Oval,0.25,0,0,West Indies,1.22,2006,23,75,7,28,AB Agarkar,SR Tendulkar,S Sreesanth,RP Singh,MS Dhoni,V Sehwag,R Dravid,Harbhajan Singh,MM Patel,SK Raina,Yuvraj Singh,RR Sarwan,MN Samuels,S Chanderpaul,CH Gayle,BC Lara,CD Collymore,RS Morton,DR Smith,WW Hinds,CS Baugh,DJ Bravo,0
Lord's,0,0,0,England,1.25,2007,12,76,7,16,PP Chawla,Yuvraj Singh,SR Tendulkar,RP Singh,RR Powar,MS Dhoni,R Dravid,G Gambhir,Z Khan,RV Uthappa,SC Ganguly,SCJ Broad,KP Pietersen,,MJ Prior,LJ Wright,IR Bell,A Flintoff,PD Collingwood,JM Anderson,MS Panesar,AD Mascarenhas,1
M Chinnaswamy Stadium,0.6666666667,1,1,New Zealand,1.66,2010,16.67,66.4,9,23.3,P Kumar,YK Pathan,Yuvraj Singh,A Nehra,Z Khan,G Gambhir,V Kohli,RG Sharma,SS Tiwary,R Ashwin,PA Patel,NL McCullum,BB McCullum,TG Southee,AJ McKay,LRPL Taylor,KD Mills,MJ Guptill,SB Styris,JEC Franklin,DL Vettori,JM How,0
"MA Chidambaram Stadium, Chepauk",0.6666666667,0,1,Pakistan,1.25,2012,25,86,5,26,B Kumar,Yuvraj Singh,AB Dinda,MS Dhoni,V Sehwag,V Kohli,G Gambhir,I Sharma,RG Sharma,R Ashwin,SK Raina,Saeed Ajmal,Misbah-ul-Haq,,Younis Khan,Nasir Jamshed,Umar Gul,Junaid Khan,Mohammad Hafeez,Azhar Ali,Shoaib Malik,Mohammad Irfan,1
"MA Chidambaram Stadium, Chepauk",0.6666666667,0,1,South Africa,2.33,2015,22,70,5,28,B Kumar,SK Raina,AM Rahane,A Mishra,MS Dhoni,V Kohli,MM Sharma,AR Patel,RG Sharma,S Dhawan,Harbhajan Singh,DW Steyn,Imran Tahir,DA Miller,AB de Villiers,K Rabada,AM Phangiso,F du Plessis,F Behardien,Q de Kock,HM Amla,CH Morris,0
"MA Chidambaram Stadium, Chepauk",0.6666666667,0,1,West Indies,1.22,2011,23,76,8,27,MS Dhoni,SR Tendulkar,YK Pathan,V Kohli,G Gambhir,Z Khan,Harbhajan Singh,R Ashwin,MM Patel,SK Raina,Yuvraj Singh,R Rampaul,KA Pollard,DJG Sammy,DS Smith,DM Bravo,SJ Benn,RR Sarwan,DC Thomas,AD Russell,KA Edwards,D Bishoo,0
"MA Chidambaram Stadium, Chepauk",0.6666666667,0,1,West Indies,1.22,2011,23,80,4,27,R Sharma,IK Pathan,AM Rahane,V Kohli,G Gambhir,RG Sharma,A Mithun,PA Patel,RA Jadeja,MK Tiwary,SK Raina,KOA Powell,A Martin,DJG Sammy,KA Pollard,D Ramdin,SP Narine,LMP Simmons,KAJ Roach,AD Russell,JN Mohammed,MN Samuels,0
"MA Chidambaram Stadium, Chepauk",0.6666666667,0,1,West Indies,1.22,2007,21,75,4,26,AB Agarkar,SR Tendulkar,S Sreesanth,RR Powar,R Dravid,G Gambhir,RV Uthappa,KD Karthik,A Kumble,SK Raina,Yuvraj Singh,DS Smith,MN Samuels,JE Taylor,CH Gayle,D Ramdin,BC Lara,RS Morton,LMP Simmons,DBL Powell,DJ Bravo,RR Emrit,1
"MA Chidambaram Stadium, Chepauk",0.6666666667,1,1,New Zealand,1.66,2010,25,91,4,26,P Kumar,,,A Nehra,G Gambhir,V Kohli,R Ashwin,PA Patel,MM Patel,YK Pathan,Yuvraj Singh,NL McCullum,BB McCullum,TG Southee,LRPL Taylor,KD Mills,MJ Guptill,SB Styris,JEC Franklin,DL Vettori,JM How,GD Elliott,0
Madhavrao Scindia Cricket Ground,0.6666666667,0,1,England,1.25,2008,12,39,5,26,RP Singh,Yuvraj Singh,SK Raina,MS Dhoni,V Sehwag,G Gambhir,Z Khan,RG Sharma,Harbhajan Singh,MM Patel,YK Pathan,OA Shah,KP Pietersen,SR Patel,SCJ Broad,MJ Prior,IR Bell,SJ Harmison,RS Bopara,A Flintoff,PD Collingwood,JM Anderson,0
Madhavrao Scindia Cricket Ground,0.6666666667,0,1,Sri Lanka,1.4,2009,11,37,5,22,P Kumar,SK Raina,SR Tendulkar,MS Dhoni,V Sehwag,V Kohli,G Gambhir,A Nehra,Z Khan,Harbhajan Singh,RA Jadeja,TT Samaraweera,AD Mathews,DPMD Jayawardene,SHT Kandamby,KMDN Kulasekara,TM Dilshan,UWMBCA Welegedara,ST Jayasuriya,WU Tharanga,KC Sangakkara,CRD Fernando,0
Madhavrao Scindia Cricket Ground,0.6666666667,1,1,Sri Lanka,1.9,2007,15,60,13,22,SR Tendulkar,A Kumble,S Sreesanth,MS Dhoni,R Dravid,V Sehwag,RV Uthappa,KD Karthik,SC Ganguly,Harbhajan Singh,MM Patel,RP Arnold,MS Atapattu,DPMD Jayawardene,KMDN Kulasekara,TM Dilshan,HMCM Bandara,SL Malinga,ST Jayasuriya,WU Tharanga,KC Sangakkara,MF Maharoof,1
Maharashtra Cricket Association Stadium,0,1,1,Australia,0.6,2013,20,74,3,25,B Kumar,Yuvraj Singh,R Vinay Kumar,MS Dhoni,I Sharma,V Kohli,RG Sharma,S Dhawan,R Ashwin,RA Jadeja,SK Raina,GJ Maxwell,SR Watson,MG Johnson,JP Faulkner,CJ McKay,GJ Bailey,AJ Finch,BJ Haddin,XJ Doherty,AC Voges,PJ Hughes,1
Manuka Oval,0,1,0,Australia,0.6,2016,8,37,10,25,B Kumar,RA Jadeja,AM Rahane,R Dhawan,MS Dhoni,I Sharma,V Kohli,Gurkeerat Singh,RG Sharma,S Dhawan,UT Yadav,GJ Maxwell,NM Lyon,KW Richardson,DA Warner,JP Faulkner,SPD Smith,MR Marsh,GJ Bailey,AJ Finch,MS Wade,JW Hastings,1
McLean Park,0.5,0,0,New Zealand,2,2009,14,75,9,18,P Kumar,SR Tendulkar,,MS Dhoni,V Sehwag,Z Khan,Yuvraj Singh,Harbhajan Singh,MM Patel,SK Raina,YK Pathan,JD Ryder,JDP Oram,BB McCullum,NT Broom,IE O'Brien,LRPL Taylor,KD Mills,MJ Guptill,IG Butler,DL Vettori,GD Elliott,0
McLean Park,0.5,1,0,New Zealand,1.66,2014,7,45,10,21,B Kumar,Mohammed Shami,AM Rahane,MS Dhoni,I Sharma,V Kohli,RG Sharma,S Dhawan,R Ashwin,RA Jadeja,SK Raina,NL McCullum,AF Milne,TG Southee,JD Ryder,MJ McClenaghan,CJ Anderson,LRPL Taylor,KS Williamson,L Ronchi,MJ Guptill,BB McCullum,1
National Stadium,0.6666666667,0,0,Pakistan,1.25,2008,24,65,21,32,PP Chawla,Yuvraj Singh,YK Pathan,P Kumar,MS Dhoni,V Sehwag,I Sharma,G Gambhir,RG Sharma,IK Pathan,SK Raina,Salman Butt,Misbah-ul-Haq,,Saeed Ajmal,Sohail Tanvir,Younis Khan,Nasir Jamshed,Iftikhar Anjum,Shahid Afridi,Mohammad Yousuf,Abdur Rauf,1
National Stadium,0.6666666667,1,0,Bangladesh,3.2,2008,25,70,15,32,RP Singh,SK Raina,,PP Ojha,I Sharma,G Gambhir,RV Uthappa,RG Sharma,YK Pathan,Yuvraj Singh,MS Gony,Mashrafe Mortaza,Raqibul Hasan,Farhad Reza,Mohammad Ashraful,Nazimuddin,Tamim Iqbal,Mushfiqur Rahim,Mahmudullah,Shahadat Hossain,Abdur Razzak,Alok Kapali,0
National Stadium,0.6666666667,1,0,Pakistan,1.375,2008,25,68,13,32,PP Chawla,Yuvraj Singh,SK Raina,RP Singh,P Kumar,MS Dhoni,I Sharma,V Sehwag,G Gambhir,RG Sharma,YK Pathan,Fawad Alam,Misbah-ul-Haq,,Salman Butt,Sohail Tanvir,Younis Khan,Iftikhar Anjum,Umar Gul,Shoaib Malik,Shahid Afridi,Mohammad Yousuf,0
National Stadium,0.6666666667,1,0,Sri Lanka,1.9,2008,24,69,20,31,RP Singh,SK Raina,Yuvraj Singh,P Kumar,PP Ojha,MS Dhoni,V Sehwag,I Sharma,G Gambhir,RG Sharma,IK Pathan,KMDN Kulasekara,CRD Fernando,DPMD Jayawardene,LPC Silva,TM Dilshan,T Thushara,ST Jayasuriya,KC Sangakkara,CK Kapugedera,K Weeraratne,M Muralitharan,0
National Stadium,0.6666666667,1,0,Sri Lanka,1.9,2008,25,73,22,31,RP Singh,SK Raina,Yuvraj Singh,PP Ojha,MS Dhoni,V Sehwag,I Sharma,G Gambhir,RG Sharma,RV Uthappa,IK Pathan,KMDN Kulasekara,BAW Mendis,DPMD Jayawardene,LPC Silva,TM Dilshan,T Thushara,ST Jayasuriya,KC Sangakkara,CK Kapugedera,WPUJC Vaas,M Muralitharan,1
Nehru Stadium,0.6666666667,0,1,Australia,0.5,2009,20,76,1,25,P Kumar,Yuvraj Singh,SR Tendulkar,MS Dhoni,V Sehwag,A Nehra,G Gambhir,Harbhajan Singh,RA Jadeja,MM Patel,SK Raina,RT Ponting,MEK Hussey,,CJ McKay,AC Voges,NM Hauritz,SR Watson,SE Marsh,CL White,MG Johnson,DE Bollinger,1
Nehru Stadium,0.6666666667,0,1,England,1.25,2013,18,65,3,27,B Kumar,Shami Ahmed,AM Rahane,MS Dhoni,I Sharma,V Kohli,G Gambhir,RA Jadeja,R Ashwin,SK Raina,Yuvraj Singh,C Kieswetter,JE Root,SR Patel,JW Dernbach,JC Tredwell,IR Bell,ST Finn,EJG Morgan,AN Cook,KP Pietersen,CR Woakes,0
Nehru Stadium,0.6666666667,0,1,New Zealand,2,2010,19,84,2,22,V Kohli,S Sreesanth,M Vijay,G Gambhir,A Nehra,Yuvraj Singh,WP Saha,R Ashwin,MM Patel,SK Raina,YK Pathan,NL McCullum,JM How,GD Elliott,AJ McKay,DR Tuffey,LRPL Taylor,KS Williamson,KD Mills,MJ Guptill,SB Styris,GJ Hopkins,0
Nehru Stadium,0.6666666667,1,1,Pakistan,1.375,2007,21,77,1,26,RP Singh,Yuvraj Singh,SR Tendulkar,MS Dhoni,Z Khan,G Gambhir,M Kartik,RV Uthappa,SC Ganguly,Harbhajan Singh,IK Pathan,Salman Butt,Misbah-ul-Haq,Abdur Rehman,Kamran Akmal,Younis Khan,Shoaib Akhtar,Iftikhar Anjum,Umar Gul,Shoaib Malik,Shahid Afridi,Mohammad Yousuf,0
Nehru Stadium,0.6666666667,1,1,West Indies,1.64,2013,22,69,2,28,B Kumar,Yuvraj Singh,Mohammed Shami,MS Dhoni,V Kohli,JD Unadkat,RG Sharma,S Dhawan,RA Jadeja,R Ashwin,SK Raina,R Rampaul,MN Samuels,DJG Sammy,DM Bravo,N Deonarine,CH Gayle,SP Narine,LMP Simmons,JO Holder,DJ Bravo,J Charles,0
Nehru Stadium,0.6666666667,1,1,West Indies,1.64,2014,24,83,8,28,B Kumar,Mohammed Shami,AM Rahane,A Mishra,AT Rayudu,MS Dhoni,V Kohli,MM Sharma,S Dhawan,RA Jadeja,SK Raina,R Rampaul,DJG Sammy,JE Taylor,DM Bravo,MN Samuels,SJ Benn,D Ramdin,DR Smith,AD Russell,DJ Bravo,KA Pollard,1
New Wanderers Stadium,0.6666666667,0,0,South Africa,2.33,2011,16,80,16,18,MS Dhoni,SR Tendulkar,M Vijay,V Kohli,Z Khan,A Nehra,RG Sharma,Harbhajan Singh,MM Patel,SK Raina,Yuvraj Singh,DW Steyn,GC Smith,DA Miller,JP Duminy,LL Tsotsobe,M Morkel,AB de Villiers,J Botha,CA Ingram,WD Parnell,HM Amla,0
New Wanderers Stadium,0.6666666667,1,0,South Africa,0.666,2013,12,68,14,18,B Kumar,Yuvraj Singh,Mohammed Shami,MS Dhoni,V Kohli,MM Sharma,RG Sharma,S Dhawan,R Ashwin,RA Jadeja,SK Raina,DW Steyn,HM Amla,DA Miller,JP Duminy,AB de Villiers,LL Tsotsobe,M Morkel,JH Kallis,Q de Kock,R McLaren,WD Parnell,1
New Wanderers Stadium,0.6666666667,1,0,West Indies,1.64,2009,9,75,18,14,A Mishra,AM Nayar,,P Kumar,MS Dhoni,R Dravid,A Nehra,G Gambhir,V Kohli,KD Karthik,Harbhajan Singh,DS Smith,DJG Sammy,NO Miller,KOA Powell,FL Reifer,ADS Fletcher,DE Bernard,RT Crandon,GC Tonge,TM Dowlin,KAJ Roach,0
Newlands,0.5,1,0,South Africa,0.666,2011,16,72,16,22,MS Dhoni,SK Raina,M Vijay,A Nehra,Z Khan,V Kohli,RG Sharma,Harbhajan Singh,MM Patel,YK Pathan,Yuvraj Singh,DW Steyn,GC Smith,F du Plessis,AB de Villiers,JP Duminy,M Morkel,LL Tsotsobe,J Botha,CA Ingram,WD Parnell,HM Amla,0
Newlands,0.5,1,0,South Africa,0.666,2006,13,70,18,18,AB Agarkar,IK Pathan,SR Tendulkar,MS Dhoni,V Sehwag,R Dravid,Z Khan,KD Karthik,Harbhajan Singh,M Kaif,A Kumble,AB de Villiers,GC Smith,JH Kallis,CK Langeveldt,LE Bosman,AJ Hall,MV Boucher,HH Gibbs,M Ntini,SM Pollock,JM Kemp,1
Old Trafford,0,0,0,England,1.25,2007,12,83,14,15,AB Agarkar,Yuvraj Singh,SR Tendulkar,PP Chawla,RP Singh,RR Powar,MS Dhoni,R Dravid,Z Khan,KD Karthik,SC Ganguly,OA Shah,AN Cook,KP Pietersen,SCJ Broad,MJ Prior,IR Bell,RS Bopara,A Flintoff,PD Collingwood,JM Anderson,MS Panesar,1
"Queen's Park Oval, Port of Spain",0.6,0,0,Bangladesh,1.67,2007,21,70,9,26,AB Agarkar,Yuvraj Singh,SR Tendulkar,MS Dhoni,R Dravid,V Sehwag,Z Khan,RV Uthappa,SC Ganguly,Harbhajan Singh,MM Patel,Mashrafe Mortaza,Shakib Al Hasan,Shahriar Nafees,Mohammad Ashraful,Tamim Iqbal,Mushfiqur Rahim,Syed Rasel,Mohammad Rafique,Abdur Razzak,Aftab Ahmed,Habibul Bashar,1
"Queen's Park Oval, Port of Spain",0.6,0,0,Sri Lanka,1.4,2013,24,84,3,28,B Kumar,SK Raina,,I Sharma,V Kohli,RG Sharma,KD Karthik,S Dhawan,UT Yadav,RA Jadeja,R Ashwin,LHD Dilhara,LD Chandimal,DPMD Jayawardene,RMS Eranga,HMRKB Herath,HDRL Thirimanne,BMAJ Mendis,SL Malinga,WU Tharanga,KC Sangakkara,AD Mathews,0
"Queen's Park Oval, Port of Spain",0.6,0,0,West Indies,1.22,2006,23,75,8,28,AB Agarkar,Yuvraj Singh,S Sreesanth,RR Powar,MS Dhoni,R Dravid,V Sehwag,Harbhajan Singh,M Kaif,IK Pathan,SK Raina,RR Sarwan,IDR Bradshaw,,CH Gayle,BC Lara,CD Collymore,FH Edwards,DR Smith,WW Hinds,DJ Bravo,MN Samuels,1
"Queen's Park Oval, Port of Spain",0.6,0,0,West Indies,1.22,2013,23,71,5,28,B Kumar,SK Raina,M Vijay,I Sharma,V Kohli,RG Sharma,KD Karthik,S Dhawan,RA Jadeja,R Ashwin,UT Yadav,DM Bravo,KA Pollard,DJG Sammy,CH Gayle,D Ramdin,SP Narine,TL Best,KAJ Roach,DJ Bravo,J Charles,MN Samuels,0
"Queen's Park Oval, Port of Spain",0.6,1,0,Sri Lanka,1.9,2007,21,74,11,26,AB Agarkar,Yuvraj Singh,SR Tendulkar,MS Dhoni,V Sehwag,R Dravid,Z Khan,RV Uthappa,SC Ganguly,Harbhajan Singh,MM Patel,RP Arnold,CRD Fernando,DPMD Jayawardene,LPC Silva,TM Dilshan,SL Malinga,ST Jayasuriya,WU Tharanga,KC Sangakkara,WPUJC Vaas,M Muralitharan,1
"Queen's Park Oval, Port of Spain",0.6,1,0,Sri Lanka,1.9,2013,23,69,7,28,B Kumar,SK Raina,R Vinay Kumar,MS Dhoni,I Sharma,V Kohli,RG Sharma,KD Karthik,S Dhawan,R Ashwin,RA Jadeja,MDKJ Perera,LD Chandimal,DPMD Jayawardene,HMRKB Herath,RMS Eranga,RAS Lakmal,HDRL Thirimanne,SL Malinga,WU Tharanga,KC Sangakkara,AD Mathews,0
"Queen's Park Oval, Port of Spain",0.6,1,0,West Indies,1.64,2006,23,74,11,28,AB Agarkar,Yuvraj Singh,S Sreesanth,MS Dhoni,V Sehwag,R Dravid,RV Uthappa,Harbhajan Singh,M Kaif,MM Patel,SK Raina,D Mohammed,JE Taylor,,CH Gayle,D Ramdin,BC Lara,DR Smith,WW Hinds,DJ Bravo,RR Sarwan,S Chattergoon,1
"Queen's Park Oval, Port of Spain",0.6,1,0,West Indies,1.64,2011,24,80,7,29,A Mishra,YK Pathan,SK Raina,P Kumar,V Kohli,S Badrinath,RG Sharma,S Dhawan,Harbhajan Singh,PA Patel,MM Patel,R Rampaul,A Martin,DJG Sammy,DM Bravo,RR Sarwan,LMP Simmons,KA Edwards,DJ Bravo,CS Baugh,D Bishoo,MN Samuels,0
"Queen's Park Oval, Port of Spain",0.6,1,0,West Indies,1.64,2011,25,81,7,29,A Mishra,SK Raina,,P Kumar,V Kohli,RG Sharma,S Dhawan,Harbhajan Singh,PA Patel,MM Patel,YK Pathan,R Rampaul,A Martin,DJG Sammy,MN Samuels,RR Sarwan,LMP Simmons,KA Edwards,DJ Bravo,CS Baugh,D Bishoo,KA Pollard,0
Queens Sports Club,0,1,0,Sri Lanka,1.9,2010,12,83,13,14,A Mishra,M Vijay,,PP Ojha,V Kohli,RG Sharma,KD Karthik,UT Yadav,RA Jadeja,SK Raina,AB Dinda,S Randiv,CRD Fernando,BAW Mendis,TT Samaraweera,KMDN Kulasekara,LPC Silva,TM Dilshan,WU Tharanga,CK Kapugedera,NLTC Perera,AD Mathews,0
R Premadasa Stadium,0.75,0,0,Sri Lanka,1.4,2008,23,74,13,28,P Kumar,SK Raina,Yuvraj Singh,MS Dhoni,V Kohli,G Gambhir,Z Khan,S Badrinath,RG Sharma,Harbhajan Singh,MM Patel,KMDN Kulasekara,BAW Mendis,DPMD Jayawardene,T Thushara,LPC Silva,TM Dilshan,WPUJC Vaas,M Muralitharan,ST Jayasuriya,KC Sangakkara,CK Kapugedera,0
R Premadasa Stadium,0.75,0,0,Sri Lanka,1.4,2009,23,74,13,28,RP Singh,YK Pathan,SR Tendulkar,MS Dhoni,R Dravid,V Kohli,A Nehra,I Sharma,Yuvraj Singh,Harbhajan Singh,SK Raina,KMDN Kulasekara,BAW Mendis,DPMD Jayawardene,T Thushara,TM Dilshan,SHT Kandamby,SL Malinga,ST Jayasuriya,KC Sangakkara,CK Kapugedera,AD Mathews,0
R Premadasa Stadium,0.75,0,0,Sri Lanka,1.4,2009,17,61,10,26,P Kumar,SR Tendulkar,YK Pathan,MS Dhoni,PP Ojha,V Sehwag,I Sharma,G Gambhir,Z Khan,SK Raina,Yuvraj Singh,KMDN Kulasekara,MF Maharoof,DPMD Jayawardene,T Thushara,TM Dilshan,SHT Kandamby,ST Jayasuriya,M Muralitharan,KC Sangakkara,CK Kapugedera,BAW Mendis,0
R Premadasa Stadium,0.75,0,0,Sri Lanka,1.4,2009,18,62,9,26,P Kumar,YK Pathan,SK Raina,MS Dhoni,PP Ojha,V Sehwag,I Sharma,G Gambhir,RG Sharma,Yuvraj Singh,IK Pathan,KMDN Kulasekara,MF Maharoof,DPMD Jayawardene,SHT Kandamby,TM Dilshan,ST Jayasuriya,M Muralitharan,KC Sangakkara,CK Kapugedera,CRD Fernando,AD Mathews,0
R Premadasa Stadium,0.75,0,0,Sri Lanka,1.4,2009,20,76,9,26,P Kumar,SR Tendulkar,YK Pathan,MS Dhoni,PP Ojha,V Sehwag,I Sharma,G Gambhir,Z Khan,SK Raina,Yuvraj Singh,KMDN Kulasekara,MF Maharoof,DPMD Jayawardene,SHT Kandamby,TM Dilshan,ST Jayasuriya,M Muralitharan,KC Sangakkara,CK Kapugedera,CRD Fernando,BAW Mendis,0
R Premadasa Stadium,0.75,0,0,Sri Lanka,1.4,2008,23,83,9,27,P Kumar,SK Raina,Yuvraj Singh,MS Dhoni,V Kohli,G Gambhir,Z Khan,S Badrinath,RG Sharma,Harbhajan Singh,MM Patel,KMDN Kulasekara,BAW Mendis,DPMD Jayawardene,T Thushara,TM Dilshan,WPUJC Vaas,M Muralitharan,ST Jayasuriya,KC Sangakkara,CK Kapugedera,SM Warnapura,0
R Premadasa Stadium,0.75,1,0,New Zealand,1.66,2009,23,76,10,28,SR Tendulkar,Yuvraj Singh,YK Pathan,RP Singh,MS Dhoni,I Sharma,A Nehra,R Dravid,KD Karthik,Harbhajan Singh,SK Raina,JD Ryder,GD Elliott,BB McCullum,SE Bond,JDP Oram,NT Broom,LRPL Taylor,KD Mills,MJ Guptill,IG Butler,DL Vettori,0
R Premadasa Stadium,0.75,1,0,Sri Lanka,1.9,2009,17,61,11,26,MS Dhoni,YK Pathan,SK Raina,V Sehwag,I Sharma,L Balaji,G Gambhir,RG Sharma,Yuvraj Singh,RA Jadeja,IK Pathan,SHT Kandamby,MF Maharoof,DPMD Jayawardene,T Thushara,TM Dilshan,KMDN Kulasekara,ST Jayasuriya,KC Sangakkara,CK Kapugedera,M Muralitharan,BAW Mendis,1
R Premadasa Stadium,0.75,1,0,Sri Lanka,1.9,2012,23,73,15,28,R Sharma,SK Raina,AB Dinda,MS Dhoni,V Sehwag,V Kohli,Z Khan,G Gambhir,RG Sharma,R Ashwin,IK Pathan,HMRKB Herath,I Udana,DPMD Jayawardene,TM Dilshan,BMAJ Mendis,SL Malinga,WU Tharanga,KC Sangakkara,NLTC Perera,AD Mathews,LD Chandimal,0
R Premadasa Stadium,0.75,1,0,Sri Lanka,1.9,2012,23,75,15,29,V Sehwag,AB Dinda,,V Kohli,Z Khan,G Gambhir,RG Sharma,R Ashwin,IK Pathan,MK Tiwary,SK Raina,HMRKB Herath,LD Chandimal,DPMD Jayawardene,TM Dilshan,HDRL Thirimanne,BMAJ Mendis,SL Malinga,WU Tharanga,N Pradeep,NLTC Perera,AD Mathews,0
R Premadasa Stadium,0.75,1,0,Sri Lanka,1.9,2009,23,76,10,28,SR Tendulkar,Yuvraj Singh,SK Raina,RP Singh,MS Dhoni,I Sharma,A Nehra,R Dravid,KD Karthik,Harbhajan Singh,YK Pathan,SHT Kandamby,BAW Mendis,DPMD Jayawardene,KMDN Kulasekara,TM Dilshan,T Thushara,SL Malinga,ST Jayasuriya,KC Sangakkara,CK Kapugedera,AD Mathews,1
R Premadasa Stadium,0.75,1,0,Sri Lanka,1.9,2008,23,83,11,28,RP Singh,SK Raina,Yuvraj Singh,PP Ojha,MS Dhoni,V Kohli,Z Khan,G Gambhir,RG Sharma,MM Patel,IK Pathan,KMDN Kulasekara,BAW Mendis,DPMD Jayawardene,T Thushara,ST Jayasuriya,KC Sangakkara,CK Kapugedera,J Mubarak,ML Udawatte,CRD Fernando,SM Warnapura,1
"Rajiv Gandhi International Stadium, Uppal",0.5,0,1,England,1.25,2011,20,57,4,28,P Kumar,R Vinay Kumar,AM Rahane,MS Dhoni,V Kohli,G Gambhir,RA Jadeja,PA Patel,R Ashwin,UT Yadav,SK Raina,GP Swann,KP Pietersen,SR Patel,C Kieswetter,JW Dernbach,TT Bresnan,IJL Trott,JM Bairstow,ST Finn,RS Bopara,AN Cook,0
"Rajiv Gandhi International Stadium, Uppal",0.5,1,1,Australia,0.6,2009,17,55,8,24,P Kumar,Yuvraj Singh,SR Tendulkar,MS Dhoni,V Sehwag,A Nehra,G Gambhir,Harbhajan Singh,RA Jadeja,MM Patel,SK Raina,RT Ponting,MEK Hussey,,CJ McKay,AC Voges,SR Watson,DE Bollinger,SE Marsh,BW Hilfenhaus,NM Hauritz,CL White,1
"Rajiv Gandhi International Stadium, Uppal",0.5,1,1,Australia,0.6,2007,20,66,5,25,SR Tendulkar,Yuvraj Singh,S Sreesanth,MS Dhoni,R Dravid,Z Khan,G Gambhir,RV Uthappa,RG Sharma,Harbhajan Singh,IK Pathan,RT Ponting,MG Johnson,GB Hogg,BJ Hodge,MJ Clarke,ML Hayden,B Lee,A Symonds,AC Gilchrist,SR Clark,JR Hopes,1
"Rajiv Gandhi International Stadium, Uppal",0.5,1,1,Sri Lanka,1.9,2014,12,43,8,24,AT Rayudu,SK Raina,AM Rahane,I Sharma,V Kohli,AR Patel,WP Saha,S Dhawan,R Ashwin,UT Yadav,DS Kulkarni,MDKJ Perera,S Prasanna,DPMD Jayawardene,KMDN Kulasekara,TM Dilshan,PLS Gamage,KC Sangakkara,NLTC Perera,AD Mathews,SMA Priyanjan,PC de Silva,0
"Sabina Park, Kingston",0.286,0,0,West Indies,1.22,2013,23,69,24,28,B Kumar,UT Yadav,SK Raina,MS Dhoni,I Sharma,V Kohli,RG Sharma,KD Karthik,S Dhawan,RA Jadeja,R Ashwin,DS Smith,KA Pollard,DJG Sammy,DM Bravo,CH Gayle,D Ramdin,SP Narine,TL Best,KAJ Roach,J Charles,MN Samuels,1
"Sabina Park, Kingston",0.286,0,0,West Indies,1.22,2009,22,63,25,30,RP Singh,YK Pathan,Yuvraj Singh,P Kumar,MS Dhoni,A Nehra,G Gambhir,RG Sharma,KD Karthik,Harbhajan Singh,RA Jadeja,R Rampaul,,,SJ Benn,CH Gayle,DE Bernard,RS Morton,DJ Bravo,RR Sarwan,JE Taylor,S Chanderpaul,1
"Sabina Park, Kingston",0.286,0,0,West Indies,1.22,2009,21,62,21,30,RP Singh,YK Pathan,Yuvraj Singh,MS Dhoni,I Sharma,A Nehra,G Gambhir,RG Sharma,KD Karthik,Harbhajan Singh,RA Jadeja,DM Bravo,JE Taylor,S Chanderpaul,SJ Benn,CH Gayle,D Ramdin,DE Bernard,RS Morton,DJ Bravo,RR Sarwan,LS Baker,0
"Sabina Park, Kingston",0.286,0,0,West Indies,1.22,2011,21,64,13,28,A Mishra,YK Pathan,R Vinay Kumar,I Sharma,V Kohli,RG Sharma,S Dhawan,R Ashwin,PA Patel,MK Tiwary,SK Raina,DM Bravo,DJG Sammy,,MN Samuels,RR Sarwan,AB Barath,LMP Simmons,KAJ Roach,AD Russell,KA Pollard,A Martin,1
"Sabina Park, Kingston",0.286,1,0,Sri Lanka,1.9,2013,23,72,20,26,I Sharma,Mohammed Shami,M Vijay,V Kohli,RG Sharma,KD Karthik,S Dhawan,R Ashwin,RA Jadeja,UT Yadav,SK Raina,HMRKB Herath,,,KMDN Kulasekara,SL Malinga,WU Tharanga,SMSM Senanayake,AD Mathews,DPMD Jayawardene,,,1
"Sardar Patel Stadium, Motera",0.4,0,1,West Indies,1.22,2006,17,51,3,28,AB Agarkar,Yuvraj Singh,SR Tendulkar,RP Singh,MS Dhoni,R Dravid,V Sehwag,Harbhajan Singh,MM Patel,IK Pathan,SK Raina,RR Sarwan,JE Taylor,S Chanderpaul,CH Gayle,BC Lara,RS Morton,DR Smith,CS Baugh,DJ Bravo,MN Samuels,IDR Bradshaw,1
"Sardar Patel Stadium, Motera",0.4,1,1,Australia,0.6,2011,13,38,3,28,MS Dhoni,Yuvraj Singh,SR Tendulkar,V Sehwag,V Kohli,Z Khan,G Gambhir,Harbhajan Singh,R Ashwin,MM Patel,SK Raina,RT Ponting,MEK Hussey,JJ Krejza,MJ Clarke,BJ Haddin,B Lee,SR Watson,SW Tait,DJ Hussey,MG Johnson,CL White,0
"Sardar Patel Stadium, Motera",0.4,1,1,South Africa,0.666,2010,7,36,5,26,MS Dhoni,S Tyagi,M Vijay,V Kohli,RG Sharma,KD Karthik,A Mithun,RA Jadeja,YK Pathan,SK Raina,S Sreesanth,DW Steyn,,,AB de Villiers,LL Tsotsobe,M Morkel,LE Bosman,J Botha,HM Amla,RE van der Merwe,JH Kallis,1
"Sardar Patel Stadium, Motera",0.4,1,1,Sri Lanka,1.9,2014,19,62,4,28,AT Rayudu,AM Rahane,,I Sharma,V Kohli,AR Patel,S Dhawan,R Ashwin,UT Yadav,RA Jadeja,SK Raina,MDKJ Perera,SMA Priyanjan,S Prasanna,S Randiv,TM Dilshan,DPMD Jayawardene,KTGD Prasad,PLS Gamage,KC Sangakkara,NLTC Perera,AD Mathews,0
"Sardar Patel Stadium, Motera",0.4,1,1,West Indies,1.64,2011,18,60,2,26,V Sehwag,SK Raina,R Vinay Kumar,V Kohli,G Gambhir,RG Sharma,R Ashwin,UT Yadav,RA Jadeja,A Mithun,PA Patel,R Rampaul,DJG Sammy,DP Hyatt,DM Bravo,MN Samuels,D Ramdin,SP Narine,LMP Simmons,KAJ Roach,AD Russell,KA Pollard,1
Saurashtra Cricket Association Stadium,0,1,1,England,1.75,2013,7,30,3,22,B Kumar,AB Dinda,AM Rahane,MS Dhoni,I Sharma,V Kohli,G Gambhir,R Ashwin,RA Jadeja,SK Raina,Yuvraj Singh,C Kieswetter,JE Root,SR Patel,JW Dernbach,TT Bresnan,JC Tredwell,IR Bell,ST Finn,EJG Morgan,AN Cook,KP Pietersen,1
Saurashtra Cricket Association Stadium,0,1,1,South Africa,0.666,2015,20,45,4,31,B Kumar,SK Raina,AM Rahane,A Mishra,MS Dhoni,V Kohli,MM Sharma,AR Patel,RG Sharma,S Dhawan,Harbhajan Singh,DW Steyn,Imran Tahir,DA Miller,JP Duminy,AB de Villiers,K Rabada,M Morkel,F Behardien,Q de Kock,HM Amla,F du Plessis,1
Sawai Mansingh Stadium,0.8,0,1,South Africa,2.33,2010,5,35,3,20,P Kumar,SR Tendulkar,S Sreesanth,MS Dhoni,V Sehwag,V Kohli,A Nehra,KD Karthik,RA Jadeja,SK Raina,YK Pathan,DW Steyn,JA Morkel,JH Kallis,AB de Villiers,CK Langeveldt,LE Bosman,J Botha,HH Gibbs,MV Boucher,AN Petersen,WD Parnell,0
Sawai Mansingh Stadium,0.8,1,1,Australia,0.6,2013,18,56,2,28,B Kumar,,,I Sharma,V Kohli,RG Sharma,S Dhawan,R Ashwin,RA Jadeja,Yuvraj Singh,R Vinay Kumar,GJ Maxwell,SR Watson,MG Johnson,JP Faulkner,CJ McKay,GJ Bailey,AJ Finch,BJ Haddin,XJ Doherty,AC Voges,PJ Hughes,0
Sawai Mansingh Stadium,0.8,1,1,England,1.75,2006,15,45,6,28,AB Agarkar,Yuvraj Singh,SR Tendulkar,RR Powar,MS Dhoni,V Sehwag,R Dravid,Harbhajan Singh,MM Patel,IK Pathan,SK Raina,CMW Read,KP Pietersen,SJ Harmison,MH Yardy,AJ Strauss,JWM Dalrymple,IR Bell,SI Mahmood,A Flintoff,PD Collingwood,JM Anderson,0
Sawai Mansingh Stadium,0.8,1,1,New Zealand,1.66,2010,7,54,3,16,A Nehra,M Vijay,,G Gambhir,V Kohli,R Ashwin,MM Patel,YK Pathan,Yuvraj Singh,S Sreesanth,SK Raina,NL McCullum,JM How,TG Southee,AJ McKay,LRPL Taylor,KS Williamson,KD Mills,MJ Guptill,SB Styris,GJ Hopkins,DL Vettori,0
Sawai Mansingh Stadium,0.8,1,1,Pakistan,1.375,2007,7,43,9,20,SR Tendulkar,Yuvraj Singh,S Sreesanth,P Kumar,MS Dhoni,V Sehwag,G Gambhir,M Kartik,RV Uthappa,RG Sharma,IK Pathan,Fawad Alam,Misbah-ul-Haq,,Salman Butt,Sohail Tanvir,Iftikhar Anjum,Umar Gul,Imran Nazir,Shoaib Malik,Yasir Hameed,Mohammad Yousuf,1
Sector 16 Stadium,1,0,1,Australia,0.5,2007,16.67,66.4,9,23.3,RP Singh,Yuvraj Singh,SR Tendulkar,MS Dhoni,R Dravid,Z Khan,RV Uthappa,M Kartik,SC Ganguly,Harbhajan Singh,IK Pathan,RT Ponting,MG Johnson,GB Hogg,BJ Hodge,MJ Clarke,ML Hayden,B Lee,NW Bracken,A Symonds,AC Gilchrist,JR Hopes,0
Seddon Park,0.5,0,0,New Zealand,2,2014,8,47,13,16,AT Rayudu,STR Binny,AM Rahane,B Kumar,VR Aaron,MS Dhoni,V Kohli,RG Sharma,R Ashwin,RA Jadeja,Mohammed Shami,NL McCullum,TG Southee,,JD Ryder,HK Bennett,JDS Neesham,LRPL Taylor,KS Williamson,KD Mills,MJ Guptill,BB McCullum,1
Seddon Park,0.5,1,0,New Zealand,1.66,2009,10,58,27,18,P Kumar,,,I Sharma,V Sehwag,Z Khan,G Gambhir,Harbhajan Singh,YK Pathan,Yuvraj Singh,,JD Ryder,BB McCullum,EP Thompson,JDP Oram,IE O'Brien,LRPL Taylor,KD Mills,MJ Guptill,PD McGlashan,DL Vettori,GD Elliott,0
Seddon Park,0.5,1,0,New Zealand,1.66,2014,14,64,14,20,B Kumar,Mohammed Shami,AM Rahane,MS Dhoni,I Sharma,V Kohli,RG Sharma,S Dhawan,RA Jadeja,R Ashwin,SK Raina,NL McCullum,BB McCullum,TG Southee,JD Ryder,MJ McClenaghan,CJ Anderson,LRPL Taylor,KS Williamson,L Ronchi,KD Mills,MJ Guptill,1
Shere Bangla National Stadium,0.6363636364,0,0,Bangladesh,1.67,2014,26,79,2,30,AT Rayudu,AM Rahane,CA Pujara,A Mishra,MM Sharma,AR Patel,RV Uthappa,WP Saha,UT Yadav,SK Raina,STR Binny,Mashrafe Mortaza,Al-Amin Hossain,Shakib Al Hasan,Tamim Iqbal,Mushfiqur Rahim,Ziaur Rahman,Mithun Ali,Mahmudullah,Taskin Ahmed,Anamul Haque,Nasir Hossain,0
Shere Bangla National Stadium,0.6363636364,0,0,Bangladesh,1.67,2011,13,47,1,22,V Sehwag,S Sreesanth,,V Kohli,G Gambhir,Z Khan,Harbhajan Singh,MM Patel,YK Pathan,Yuvraj Singh,SR Tendulkar,Junaid Siddique,Raqibul Hasan,Shafiul Islam,Tamim Iqbal,Mushfiqur Rahim,Naeem Islam,Rubel Hossain,Mahmudullah,Imrul Kayes,Abdur Razzak,Shakib Al Hasan,0
Shere Bangla National Stadium,0.6363636364,0,0,Bangladesh,1.67,2015,24,64,5,30,AT Rayudu,DS Kulkarni,SK Raina,B Kumar,MS Dhoni,V Kohli,AR Patel,RG Sharma,S Dhawan,RA Jadeja,R Ashwin,Mashrafe Mortaza,Shakib Al Hasan,Litton Das,Soumya Sarkar,Tamim Iqbal,Mushfiqur Rahim,Sabbir Rahman,Rubel Hossain,Mustafizur Rahman,Taskin Ahmed,Nasir Hossain,1
Shere Bangla National Stadium,0.6363636364,0,0,Bangladesh,1.67,2012,12,47,1,20,P Kumar,SR Tendulkar,AB Dinda,MS Dhoni,V Kohli,G Gambhir,RG Sharma,RA Jadeja,R Ashwin,IK Pathan,SK Raina,Mashrafe Mortaza,Nasir Hossain,Shafiul Islam,Nazimuddin,Tamim Iqbal,Jahurul Islam,Mushfiqur Rahim,Mahmudullah,Shahadat Hossain,Abdur Razzak,Shakib Al Hasan,1
Shere Bangla National Stadium,0.6363636364,0,0,Bangladesh,1.67,2015,26,82,1,28,AT Rayudu,SK Raina,STR Binny,MS Dhoni,V Kohli,AR Patel,RG Sharma,S Dhawan,UT Yadav,R Ashwin,DS Kulkarni,Mashrafe Mortaza,Shakib Al Hasan,Litton Das,Soumya Sarkar,Arafat Sunny,Tamim Iqbal,Mushfiqur Rahim,Sabbir Rahman,Rubel Hossain,Mustafizur Rahman,Nasir Hossain,0
Shere Bangla National Stadium,0.6363636364,0,0,Bangladesh,1.67,2007,25,76,1,28,PP Chawla,MM Patel,Yuvraj Singh,RR Powar,D Mongia,MS Dhoni,R Dravid,V Sehwag,G Gambhir,Z Khan,KD Karthik,Mashrafe Mortaza,Habibul Bashar,Shakib Al Hasan,Mohammad Ashraful,Tamim Iqbal,Mushfiqur Rahim,Syed Rasel,Mohammad Rafique,Javed Omar,Abdur Razzak,Aftab Ahmed,0
Shere Bangla National Stadium,0.6363636364,0,0,Pakistan,1.25,2008,25,77,4,28,PP Chawla,Yuvraj Singh,SK Raina,P Kumar,MS Dhoni,V Sehwag,I Sharma,G Gambhir,RG Sharma,IK Pathan,YK Pathan,Salman Butt,Mohammad Yousuf,Misbah-ul-Haq,Sohail Tanvir,Kamran Akmal,Younis Khan,Iftikhar Anjum,Umar Gul,Wahab Riaz,Shoaib Malik,Shahid Afridi,0
Shere Bangla National Stadium,0.6363636364,0,0,Pakistan,1.25,2014,13,40,2,23,AT Rayudu,Mohammed Shami,AM Rahane,A Mishra,B Kumar,V Kohli,RG Sharma,KD Karthik,S Dhawan,RA Jadeja,R Ashwin,Saeed Ajmal,Misbah-ul-Haq,Sharjeel Khan,Sohaib Maqsood,Ahmed Shehzad,Umar Gul,Junaid Khan,Mohammad Hafeez,Umar Akmal,Mohammad Talha,Shahid Afridi,1
Shere Bangla National Stadium,0.6363636364,0,0,Sri Lanka,1.4,2010,11,80,1,12,MS Dhoni,Yuvraj Singh,S Sreesanth,V Sehwag,V Kohli,G Gambhir,Z Khan,A Nehra,Harbhajan Singh,RA Jadeja,SK Raina,S Randiv,NLTC Perera,DPMD Jayawardene,TT Samaraweera,KMDN Kulasekara,T Thushara,TM Dilshan,SHT Kandamby,UWMBCA Welegedara,WU Tharanga,KC Sangakkara,1
Shere Bangla National Stadium,0.6363636364,0,0,Sri Lanka,1.4,2010,11,73,3,16,MS Dhoni,Yuvraj Singh,S Sreesanth,V Sehwag,V Kohli,G Gambhir,Z Khan,A Nehra,Harbhajan Singh,RA Jadeja,SK Raina,S Randiv,NLTC Perera,,TT Samaraweera,RAS Lakmal,T Thushara,SHT Kandamby,HDRL Thirimanne,UWMBCA Welegedara,WU Tharanga,KC Sangakkara,1
Shere Bangla National Stadium,0.6363636364,0,0,Sri Lanka,1.4,2012,13,40,1,26,P Kumar,SR Tendulkar,R Vinay Kumar,MS Dhoni,V Kohli,G Gambhir,RG Sharma,RA Jadeja,R Ashwin,IK Pathan,SK Raina,RAS Lakmal,MF Maharoof,S Prasanna,KMDN Kulasekara,TM Dilshan,DPMD Jayawardene,HDRL Thirimanne,WU Tharanga,KC Sangakkara,CK Kapugedera,LD Chandimal,0
Shere Bangla National Stadium,0.6363636364,1,0,Bangladesh,3.2,2007,24,63,1,30,RR Powar,Yuvraj Singh,S Sreesanth,D Mongia,MS Dhoni,V Sehwag,R Dravid,Z Khan,G Gambhir,KD Karthik,MM Patel,Mohammad Ashraful,Habibul Bashar,Shakib Al Hasan,Tamim Iqbal,Mushfiqur Rahim,Mohammad Rafique,Javed Omar,Syed Rasel,Shahadat Hossain,Abdur Razzak,Aftab Ahmed,0
Shere Bangla National Stadium,0.6363636364,1,0,Bangladesh,3.2,2010,13,76,1,17,MS Dhoni,Yuvraj Singh,S Sreesanth,V Sehwag,A Nehra,Z Khan,G Gambhir,V Kohli,Harbhajan Singh,RA Jadeja,SK Raina,Mohammad Ashraful,Raqibul Hasan,Shakib Al Hasan,Tamim Iqbal,Mushfiqur Rahim,Mahmudullah,Naeem Islam,Syed Rasel,Imrul Kayes,Abdur Razzak,Rubel Hossain,0
Shere Bangla National Stadium,0.6363636364,1,0,Bangladesh,3.2,2014,25,55,1,32,A Mishra,CA Pujara,,AT Rayudu,MM Sharma,AR Patel,RV Uthappa,UT Yadav,SK Raina,Parvez Rasool,AM Rahane,Mashrafe Mortaza,Anamul Haque,Shakib Al Hasan,Al-Amin Hossain,Tamim Iqbal,Mushfiqur Rahim,Mahmudullah,Ziaur Rahman,Abdur Razzak,Mominul Haque,Nasir Hossain,0
Shere Bangla National Stadium,0.6363636364,1,0,Bangladesh,3.2,2010,10,64,4,15,A Mishra,S Sreesanth,S Tyagi,MS Dhoni,A Nehra,G Gambhir,V Kohli,KD Karthik,RA Jadeja,SK Raina,Yuvraj Singh,Mohammad Ashraful,Raqibul Hasan,Shakib Al Hasan,Tamim Iqbal,Mushfiqur Rahim,Mahmudullah,Naeem Islam,Syed Rasel,Imrul Kayes,Abdur Razzak,Shafiul Islam,0
Shere Bangla National Stadium,0.6363636364,1,0,Bangladesh,3.2,2015,25,68,1,30,B Kumar,SK Raina,AM Rahane,MS Dhoni,V Kohli,MM Sharma,RG Sharma,S Dhawan,R Ashwin,UT Yadav,RA Jadeja,Mashrafe Mortaza,Shakib Al Hasan,Litton Das,Soumya Sarkar,Tamim Iqbal,Mushfiqur Rahim,Sabbir Rahman,Rubel Hossain,Mustafizur Rahman,Taskin Ahmed,Nasir Hossain,1
Shere Bangla National Stadium,0.6363636364,1,0,Pakistan,1.375,2008,26,69,3,29,PP Chawla,Yuvraj Singh,SK Raina,P Kumar,MS Dhoni,V Sehwag,I Sharma,G Gambhir,RG Sharma,IK Pathan,YK Pathan,Fawad Alam,Misbah-ul-Haq,,Salman Butt,Sohail Tanvir,Kamran Akmal,Younis Khan,Iftikhar Anjum,Umar Gul,Shoaib Malik,Shahid Afridi,1
Shere Bangla National Stadium,0.6363636364,1,0,Pakistan,1.375,2012,19,53,1,26,P Kumar,SR Tendulkar,AB Dinda,MS Dhoni,V Kohli,G Gambhir,RG Sharma,R Ashwin,IK Pathan,YK Pathan,SK Raina,Saeed Ajmal,Shahid Afridi,Misbah-ul-Haq,Younis Khan,Nasir Jamshed,Umar Gul,Mohammad Hafeez,Aizaz Cheema,Umar Akmal,Wahab Riaz,Hammad Azam,0
Shere Bangla National Stadium,0.6363636364,1,0,Sri Lanka,1.9,2010,11,48,2,20,A Mishra,S Tyagi,,V Kohli,Z Khan,G Gambhir,KD Karthik,RA Jadeja,SK Raina,Yuvraj Singh,S Sreesanth,S Randiv,NLTC Perera,DPMD Jayawardene,TT Samaraweera,SHT Kandamby,T Thushara,TM Dilshan,RAS Lakmal,UWMBCA Welegedara,WU Tharanga,KC Sangakkara,0
"Sir Vivian Richards Stadium, North Sound",0.5,1,0,West Indies,1.64,2011,24,75,10,28,A Mishra,YK Pathan,SK Raina,P Kumar,V Kohli,S Badrinath,RG Sharma,S Dhawan,Harbhajan Singh,PA Patel,MM Patel,MN Samuels,DJG Sammy,DP Hyatt,RR Sarwan,LMP Simmons,KAJ Roach,KA Edwards,CS Baugh,AD Russell,D Bishoo,KA Pollard,0
"Sir Vivian Richards Stadium, North Sound",0.5,1,0,West Indies,1.64,2011,24,75,17,28,A Mishra,YK Pathan,SK Raina,P Kumar,I Sharma,V Kohli,S Badrinath,RG Sharma,R Ashwin,PA Patel,MK Tiwary,DM Bravo,DJG Sammy,DP Hyatt,MN Samuels,RR Sarwan,LMP Simmons,KAJ Roach,CS Baugh,AD Russell,KA Pollard,A Martin,1
Sophia Gardens,0.75,0,0,England,1.25,2011,12,87,14,14,RP Singh,R Vinay Kumar,AM Rahane,MS Dhoni,R Dravid,V Kohli,RA Jadeja,PA Patel,R Ashwin,MM Patel,SK Raina,GP Swann,AN Cook,SR Patel,C Kieswetter,JW Dernbach,TT Bresnan,IJL Trott,JM Bairstow,IR Bell,ST Finn,RS Bopara,1
Sophia Gardens,0.75,0,0,England,1.25,2014,13,88,21,15,B Kumar,Mohammed Shami,AM Rahane,MS Dhoni,V Kohli,MM Sharma,RG Sharma,S Dhawan,RA Jadeja,R Ashwin,SK Raina,AD Hales,CR Woakes,JE Root,JC Buttler,CJ Jordan,JC Tredwell,IR Bell,EJG Morgan,JM Anderson,AN Cook,BA Stokes,0
Sophia Gardens,0.75,0,0,South Africa,2.33,2013,10,75,20,14,B Kumar,UT Yadav,SK Raina,MS Dhoni,I Sharma,V Kohli,RG Sharma,KD Karthik,S Dhawan,RA Jadeja,R Ashwin,JP Duminy,F du Plessis,DA Miller,RJ Peterson,M Morkel,RK Kleinveldt,LL Tsotsobe,AB de Villiers,CA Ingram,R McLaren,HM Amla,0
Sophia Gardens,0.75,1,0,Sri Lanka,1.9,2013,13,88,14,16,B Kumar,SK Raina,,MS Dhoni,I Sharma,V Kohli,RG Sharma,S Dhawan,R Ashwin,UT Yadav,RA Jadeja,MDKJ Perera,AD Mathews,DPMD Jayawardene,HMRKB Herath,KMDN Kulasekara,TM Dilshan,HDRL Thirimanne,BMAJ Mendis,SL Malinga,KC Sangakkara,NLTC Perera,0
St George's Park,0,1,0,South Africa,0.666,2011,16,76,20,20,MS Dhoni,Yuvraj Singh,YK Pathan,A Nehra,Z Khan,V Kohli,RG Sharma,Harbhajan Singh,PA Patel,MM Patel,SK Raina,DW Steyn,GC Smith,F du Plessis,JP Duminy,AB de Villiers,RJ Peterson,LL Tsotsobe,M Morkel,J Botha,HM Amla,MN van Wyk,1
St George's Park,0,1,0,South Africa,0.666,2006,16,73,9,20,AB Agarkar,S Sreesanth,W Jaffer,SR Tendulkar,MS Dhoni,V Sehwag,Z Khan,KD Karthik,M Kaif,A Kumble,IK Pathan,AB de Villiers,GC Smith,JH Kallis,LE Bosman,AJ Hall,MV Boucher,HH Gibbs,M Ntini,SM Pollock,A Nel,JM Kemp,1
SuperSport Park,0,1,0,Australia,0.6,2009,16.67,66.4,9,23.3,A Mishra,,,P Kumar,I Sharma,A Nehra,Harbhajan Singh,SK Raina,,,,RT Ponting,,,CJ Ferguson,SR Watson,TD Paine,CL White,MEK Hussey,,,,1
SuperSport Park,0,1,0,Pakistan,1.375,2009,16.67,66.4,9,23.3,RP Singh,SK Raina,SR Tendulkar,MS Dhoni,I Sharma,A Nehra,V Kohli,G Gambhir,R Dravid,Harbhajan Singh,YK Pathan,Saeed Ajmal,Shahid Afridi,Mohammad Yousuf,Kamran Akmal,Younis Khan,Umar Gul,Naved-ul-Hasan,Umar Akmal,Mohammad Amir,Imran Nazir,Shoaib Malik,1
SuperSport Park,0,1,0,South Africa,0.666,2011,16.67,66.4,9,23.3,PP Chawla,Yuvraj Singh,SK Raina,MS Dhoni,V Kohli,Z Khan,RG Sharma,Harbhajan Singh,PA Patel,MM Patel,YK Pathan,DW Steyn,GC Smith,F du Plessis,JP Duminy,AB de Villiers,RJ Peterson,M Morkel,LL Tsotsobe,J Botha,HM Amla,MN van Wyk,1
The Rose Bowl,0,0,0,England,1.25,2011,13,88,31,15,P Kumar,R Vinay Kumar,AM Rahane,MS Dhoni,R Dravid,V Kohli,R Ashwin,PA Patel,MM Patel,MK Tiwary,SK Raina,SCJ Broad,SR Patel,,GP Swann,C Kieswetter,JW Dernbach,TT Bresnan,IR Bell,RS Bopara,JM Anderson,AN Cook,1
The Rose Bowl,0,1,0,England,1.75,2007,11,80,20,14,PP Chawla,Yuvraj Singh,SR Tendulkar,AB Agarkar,RP Singh,MS Dhoni,R Dravid,Z Khan,G Gambhir,KD Karthik,SC Ganguly,SCJ Broad,KP Pietersen,,MJ Prior,IR Bell,A Flintoff,PD Collingwood,JM Anderson,MS Panesar,AD Mascarenhas,AN Cook,1
Trent Bridge,1,1,0,England,1.75,2014,12,80,22,16,B Kumar,AM Rahane,,AT Rayudu,V Kohli,MM Sharma,S Dhawan,R Ashwin,RA Jadeja,SK Raina,Mohammed Shami,AD Hales,CR Woakes,JE Root,JC Buttler,JC Tredwell,IR Bell,ST Finn,EJG Morgan,JM Anderson,AN Cook,BA Stokes,0
Vidarbha Cricket Association Ground,0.5,1,1,Australia,0.6,2007,15,56,4,25,SR Tendulkar,Yuvraj Singh,S Sreesanth,MS Dhoni,R Dravid,Z Khan,M Kartik,RV Uthappa,SC Ganguly,Harbhajan Singh,IK Pathan,RT Ponting,MG Johnson,GB Hogg,BJ Hodge,MJ Clarke,BJ Haddin,B Lee,NW Bracken,A Symonds,AC Gilchrist,JR Hopes,1
"Vidarbha Cricket Association Stadium, Jamtha",0.5,0,1,Australia,0.5,2009,14,56,2,24,P Kumar,Yuvraj Singh,SR Tendulkar,MS Dhoni,V Sehwag,A Nehra,G Gambhir,I Sharma,Harbhajan Singh,RA Jadeja,SK Raina,RT Ponting,CL White,MEK Hussey,PM Siddle,AC Voges,SR Watson,NM Hauritz,TD Paine,SE Marsh,BW Hilfenhaus,MG Johnson,0
"Vidarbha Cricket Association Stadium, Jamtha",0.5,0,1,South Africa,2.33,2011,10,32,10,27,MS Dhoni,Yuvraj Singh,SR Tendulkar,V Sehwag,V Kohli,G Gambhir,Z Khan,A Nehra,Harbhajan Singh,MM Patel,YK Pathan,DW Steyn,F du Plessis,JH Kallis,JP Duminy,M Morkel,RJ Peterson,AB de Villiers,J Botha,HM Amla,MN van Wyk,GC Smith,1
"Vidarbha Cricket Association Stadium, Jamtha",0.5,0,1,Sri Lanka,1.4,2009,17,77,5,22,P Kumar,SK Raina,SR Tendulkar,MS Dhoni,V Sehwag,V Kohli,G Gambhir,Z Khan,A Nehra,Harbhajan Singh,RA Jadeja,S Randiv,BAW Mendis,DPMD Jayawardene,RAS Lakmal,SHT Kandamby,TM Dilshan,UWMBCA Welegedara,WU Tharanga,KC Sangakkara,CK Kapugedera,AD Mathews,1
"Vidarbha Cricket Association Stadium, Jamtha",0.5,1,1,Australia,0.6,2013,16,62,3,24,B Kumar,Yuvraj Singh,Mohammed Shami,A Mishra,MS Dhoni,V Kohli,RG Sharma,S Dhawan,R Ashwin,RA Jadeja,SK Raina,GJ Maxwell,SR Watson,MG Johnson,JP Faulkner,CJ McKay,GJ Bailey,AJ Finch,BJ Haddin,XJ Doherty,AC Voges,PJ Hughes,0
Wankhede Stadium,0.75,1,1,Australia,0.6,2007,19,55,4,28,RP Singh,Yuvraj Singh,SR Tendulkar,MS Dhoni,Z Khan,M Kartik,KD Karthik,SC Ganguly,RV Uthappa,Harbhajan Singh,IK Pathan,RT Ponting,MG Johnson,GB Hogg,BJ Hodge,MJ Clarke,BJ Haddin,B Lee,NW Bracken,A Symonds,AC Gilchrist,JR Hopes,0
Wankhede Stadium,0.75,1,1,England,1.75,2011,16,43,6,29,P Kumar,R Vinay Kumar,AM Rahane,VR Aaron,MS Dhoni,V Kohli,G Gambhir,R Ashwin,RA Jadeja,PA Patel,SK Raina,SC Meaker,KP Pietersen,SR Patel,IJL Trott,C Kieswetter,JM Bairstow,TT Bresnan,ST Finn,RS Bopara,SG Borthwick,AN Cook,0
Wankhede Stadium,0.75,1,1,South Africa,0.666,2015,25,72,5,30,B Kumar,SK Raina,AM Rahane,A Mishra,MS Dhoni,V Kohli,MM Sharma,AR Patel,RG Sharma,S Dhawan,Harbhajan Singh,DW Steyn,Imran Tahir,DA Miller,AB de Villiers,K Rabada,F Behardien,KJ Abbott,Q de Kock,D Elgar,HM Amla,F du Plessis,1
Wankhede Stadium,0.75,1,1,Sri Lanka,1.9,2011,22,72,7,26,SR Tendulkar,S Sreesanth,,MS Dhoni,V Sehwag,V Kohli,Z Khan,G Gambhir,Harbhajan Singh,MM Patel,Yuvraj Singh,S Randiv,NLTC Perera,DPMD Jayawardene,TT Samaraweera,KMDN Kulasekara,TM Dilshan,SL Malinga,WU Tharanga,KC Sangakkara,CK Kapugedera,M Muralitharan,0
Western Australia Cricket Association Ground,0.6,0,0,England,1.25,2015,8,25,17,28,AT Rayudu,STR Binny,AM Rahane,MS Dhoni,V Kohli,MM Sharma,AR Patel,S Dhawan,RA Jadeja,SK Raina,Mohammed Shami,SCJ Broad,CR Woakes,JE Root,JC Buttler,IR Bell,ST Finn,RS Bopara,MM Ali,JM Anderson,JWA Taylor,EJG Morgan,1
Western Australia Cricket Association Ground,0.6,1,0,Sri Lanka,1.9,2012,9,32,24,26,P Kumar,SR Tendulkar,R Vinay Kumar,MS Dhoni,V Sehwag,V Kohli,Z Khan,RG Sharma,RA Jadeja,R Ashwin,SK Raina,KMDN Kulasekara,LD Chandimal,DPMD Jayawardene,TM Dilshan,HDRL Thirimanne,KTGD Prasad,SL Malinga,WU Tharanga,KC Sangakkara,NLTC Perera,AD Mathews,0
Western Australia Cricket Association Ground,0.6,1,0,West Indies,1.64,2015,12,44,20,26,MS Dhoni,Mohammed Shami,AM Rahane,V Kohli,MM Sharma,RG Sharma,S Dhawan,R Ashwin,RA Jadeja,UT Yadav,SK Raina,JL Carter,DJG Sammy,JE Taylor,CH Gayle,D Ramdin,LMP Simmons,JO Holder,DR Smith,KAJ Roach,AD Russell,MN Samuels,0
Westpac Stadium,0,1,0,New Zealand,1.66,2014,13,79,21,18,B Kumar,Mohammed Shami,AM Rahane,AT Rayudu,VR Aaron,MS Dhoni,V Kohli,RG Sharma,S Dhawan,R Ashwin,RA Jadeja,NL McCullum,MJ Henry,BB McCullum,JD Ryder,MJ McClenaghan,JDS Neesham,LRPL Taylor,KS Williamson,L Ronchi,KD Mills,MJ Guptill,1
