City,Day,FirstTeam,FirstToBat,IndianPlayer1,IndianPlayer10,IndianPlayer11,IndianPlayer2,IndianPlayer3,IndianPlayer4,IndianPlayer5,IndianPlayer6,IndianPlayer7,IndianPlayer8,IndianPlayer9,Month,OppositePlayer1,OppositePlayer10,OppositePlayer11,OppositePlayer2,OppositePlayer3,OppositePlayer4,OppositePlayer5,OppositePlayer6,OppositePlayer7,OppositePlayer8,OppositePlayer9,Result,SecondTeam,Venue,Winner,Year
Hobart,26,India,1,P Kumar,SR Tendulkar,,I Sharma,G Gambhir,RV Uthappa,RG Sharma,Harbhajan Singh,MM Patel,IK Pathan,Yuvraj Singh,2,LPC Silva,MDK Perera,DPMD Jayawardene,TM Dilshan,SL Malinga,ST Jayasuriya,KC Sangakkara,CK Kapugedera,WPUJC Vaas,M Muralitharan,MKDI Amerasinghe,0,Sri Lanka,Bellerive Oval,0,2008
Jamaica,2,India,1,I Sharma,Mohammed Shami,M Vijay,V Kohli,RG Sharma,KD Karthik,S Dhawan,R Ashwin,RA Jadeja,UT Yadav,SK Raina,7,HMRKB Herath,,,KMDN Kulasekara,SL Malinga,WU Tharanga,SMSM Senanayake,AD Mathews,DPMD Jayawardene,,,0,Sri Lanka,"Sabina Park, Kingston",1,2013
Delhi,31,India,1,P Kumar,Yuvraj Singh,SR Tendulkar,MS Dhoni,I Sharma,A Nehra,V Sehwag,G Gambhir,Harbhajan Singh,RA Jadeja,SK Raina,10,RT Ponting,MEK Hussey,,PM Siddle,MC Henriques,AC Voges,SR Watson,NM Hauritz,DE Bollinger,MG Johnson,CL White,0,Australia,Feroz Shah Kotla,0,2009
Mirpur,17,Bangladesh,1,AT Rayudu,AM Rahane,CA Pujara,A Mishra,MM Sharma,AR Patel,RV Uthappa,WP Saha,UT Yadav,SK Raina,STR Binny,6,Mashrafe Mortaza,Al-Amin Hossain,Shakib Al Hasan,Tamim Iqbal,Mushfiqur Rahim,Ziaur Rahman,Mithun Ali,Mahmudullah,Taskin Ahmed,Anamul Haque,Nasir Hossain,0,India,Shere Bangla National Stadium,1,2014
Trinidad,17,Bangladesh,1,AB Agarkar,Yuvraj Singh,SR Tendulkar,MS Dhoni,R Dravid,V Sehwag,Z Khan,RV Uthappa,SC Ganguly,Harbhajan Singh,MM Patel,3,Mashrafe Mortaza,Shakib Al Hasan,Shahriar Nafees,Mohammad Ashraful,Tamim Iqbal,Mushfiqur Rahim,Syed Rasel,Mohammad Rafique,Abdur Razzak,Aftab Ahmed,Habibul Bashar,0,India,"Queen's Park Oval, Port of Spain",0,2007
Chandigarh,8,India,0,RP Singh,Yuvraj Singh,SR Tendulkar,MS Dhoni,V Sehwag,G Gambhir,Z Khan,RV Uthappa,SC Ganguly,Harbhajan Singh,IK Pathan,11,Salman Butt,Mohammad Yousuf,Misbah-ul-Haq,Sohail Tanvir,Kamran Akmal,Shoaib Akhtar,Younis Khan,Iftikhar Anjum,Umar Gul,Shoaib Malik,Shahid Afridi,0,Pakistan,"Punjab Cricket Association Stadium, Mohali",1,2007
London,9,England,1,RP Singh,SK Raina,AM Rahane,P Kumar,MS Dhoni,R Dravid,V Kohli,RA Jadeja,PA Patel,R Ashwin,MM Patel,9,SCJ Broad,AN Cook,BA Stokes,GP Swann,C Kieswetter,JW Dernbach,TT Bresnan,IJL Trott,IR Bell,RS Bopara,JM Anderson,0,India,Kennington Oval,0,2011
Jaipur,15,India,1,AB Agarkar,Yuvraj Singh,SR Tendulkar,RR Powar,MS Dhoni,V Sehwag,R Dravid,Harbhajan Singh,MM Patel,IK Pathan,SK Raina,10,CMW Read,KP Pietersen,SJ Harmison,MH Yardy,AJ Strauss,JWM Dalrymple,IR Bell,SI Mahmood,A Flintoff,PD Collingwood,JM Anderson,0,England,Sawai Mansingh Stadium,0,2006
London,5,England,0,PP Chawla,Yuvraj Singh,SR Tendulkar,AB Agarkar,RR Powar,MS Dhoni,R Dravid,Z Khan,G Gambhir,RV Uthappa,SC Ganguly,9,OA Shah,AN Cook,KP Pietersen,SCJ Broad,MJ Prior,IR Bell,LJ Wright,PD Collingwood,JM Anderson,MS Panesar,AD Mascarenhas,0,India,Kennington Oval,1,2007
Kolkata,13,India,0,AT Rayudu,STR Binny,AM Rahane,V Kohli,AR Patel,RV Uthappa,RG Sharma,UT Yadav,KV Sharma,DS Kulkarni,SK Raina,11,RMS Eranga,LD Chandimal,S Prasanna,MDKJ Perera,KMDN Kulasekara,TM Dilshan,DPMD Jayawardene,HDRL Thirimanne,NLTC Perera,AD Mathews,BAW Mendis,0,Sri Lanka,Eden Gardens,0,2014
Ranchi,19,India,1,B Kumar,Shami Ahmed,AM Rahane,MS Dhoni,I Sharma,V Kohli,G Gambhir,RA Jadeja,R Ashwin,SK Raina,Yuvraj Singh,1,C Kieswetter,KP Pietersen,JE Root,JW Dernbach,TT Bresnan,SR Patel,IR Bell,JC Tredwell,ST Finn,EJG Morgan,AN Cook,0,England,JSCA International Stadium Complex,0,2013
Ranchi,23,India,1,JD Unadkat,,,RG Sharma,S Dhawan,R Ashwin,RA Jadeja,SK Raina,Yuvraj Singh,Mohammed Shami,R Vinay Kumar,10,GJ Maxwell,MG Johnson,,JP Faulkner,CJ McKay,GJ Bailey,AJ Finch,BJ Haddin,AC Voges,PJ Hughes,SR Watson,2,Australia,JSCA International Stadium Complex,0,2013
Delhi,11,India,0,AT Rayudu,Mohammed Shami,AM Rahane,B Kumar,A Mishra,MS Dhoni,V Kohli,S Dhawan,RA Jadeja,UT Yadav,SK Raina,10,R Rampaul,DJG Sammy,JE Taylor,DM Bravo,SJ Benn,D Ramdin,DR Smith,AD Russell,DJ Bravo,MN Samuels,KA Pollard,0,West Indies,Feroz Shah Kotla,0,2014
Cuttack,29,India,1,VR Aaron,SK Raina,R Vinay Kumar,V Sehwag,V Kohli,G Gambhir,RG Sharma,R Ashwin,UT Yadav,RA Jadeja,PA Patel,11,DM Bravo,DJG Sammy,DP Hyatt,MN Samuels,D Ramdin,AB Barath,LMP Simmons,KAJ Roach,AD Russell,KA Pollard,A Martin,0,West Indies,Barabati Stadium,0,2011
Kochi,21,India,1,B Kumar,Yuvraj Singh,Mohammed Shami,MS Dhoni,V Kohli,JD Unadkat,RG Sharma,S Dhawan,RA Jadeja,R Ashwin,SK Raina,11,R Rampaul,MN Samuels,DJG Sammy,DM Bravo,N Deonarine,CH Gayle,SP Narine,LMP Simmons,JO Holder,DJ Bravo,J Charles,0,West Indies,Nehru Stadium,0,2013
Johannesburg,30,India,1,A Mishra,AM Nayar,,P Kumar,MS Dhoni,R Dravid,A Nehra,G Gambhir,V Kohli,KD Karthik,Harbhajan Singh,9,DS Smith,DJG Sammy,NO Miller,KOA Powell,FL Reifer,ADS Fletcher,DE Bernard,RT Crandon,GC Tonge,TM Dowlin,KAJ Roach,0,West Indies,New Wanderers Stadium,0,2009
Chennai,22,India,0,B Kumar,SK Raina,AM Rahane,A Mishra,MS Dhoni,V Kohli,MM Sharma,AR Patel,RG Sharma,S Dhawan,Harbhajan Singh,10,DW Steyn,Imran Tahir,DA Miller,AB de Villiers,K Rabada,AM Phangiso,F du Plessis,F Behardien,Q de Kock,HM Amla,CH Morris,0,South Africa,"MA Chidambaram Stadium, Chepauk",0,2015
Karachi,2,Pakistan,1,PP Chawla,Yuvraj Singh,YK Pathan,P Kumar,MS Dhoni,V Sehwag,I Sharma,G Gambhir,RG Sharma,IK Pathan,SK Raina,7,Salman Butt,Misbah-ul-Haq,,Saeed Ajmal,Sohail Tanvir,Younis Khan,Nasir Jamshed,Iftikhar Anjum,Shahid Afridi,Mohammad Yousuf,Abdur Rauf,0,India,National Stadium,0,2008
Kolkata,3,India,1,B Kumar,Yuvraj Singh,AB Dinda,MS Dhoni,I Sharma,V Sehwag,G Gambhir,V Kohli,R Ashwin,RA Jadeja,SK Raina,1,Saeed Ajmal,Mohammad Irfan,Misbah-ul-Haq,Kamran Akmal,Younis Khan,Nasir Jamshed,Umar Gul,Junaid Khan,Mohammad Hafeez,Azhar Ali,Shoaib Malik,0,Pakistan,Eden Gardens,1,2013
Bristol,24,England,1,AB Agarkar,Yuvraj Singh,SR Tendulkar,PP Chawla,RP Singh,RR Powar,MS Dhoni,R Dravid,KD Karthik,SC Ganguly,MM Patel,8,SCJ Broad,AN Cook,KP Pietersen,MJ Prior,IR Bell,CT Tremlett,RS Bopara,A Flintoff,PD Collingwood,JM Anderson,AD Mascarenhas,0,India,County Ground,1,2007
Ranchi,16,India,1,KM Jadhav,STR Binny,AM Rahane,AT Rayudu,V Kohli,AR Patel,RG Sharma,RV Uthappa,R Ashwin,KV Sharma,DS Kulkarni,11,RMS Eranga,BAW Mendis,DPMD Jayawardene,TM Dilshan,HDRL Thirimanne,N Dickwella,PLS Gamage,NLTC Perera,AD Mathews,LD Chandimal,S Prasanna,0,Sri Lanka,JSCA International Stadium Complex,0,2014
Napier,3,New Zealand,1,P Kumar,SR Tendulkar,,MS Dhoni,V Sehwag,Z Khan,Yuvraj Singh,Harbhajan Singh,MM Patel,SK Raina,YK Pathan,3,JD Ryder,JDP Oram,BB McCullum,NT Broom,IE O'Brien,LRPL Taylor,KD Mills,MJ Guptill,IG Butler,DL Vettori,GD Elliott,0,India,McLean Park,1,2009
Canberra,20,Australia,0,B Kumar,RA Jadeja,AM Rahane,R Dhawan,MS Dhoni,I Sharma,V Kohli,Gurkeerat Singh,RG Sharma,S Dhawan,UT Yadav,1,GJ Maxwell,NM Lyon,KW Richardson,DA Warner,JP Faulkner,SPD Smith,MR Marsh,GJ Bailey,AJ Finch,MS Wade,JW Hastings,0,India,Manuka Oval,0,2016
London,11,India,1,B Kumar,,,I Sharma,V Kohli,RG Sharma,KD Karthik,S Dhawan,R Ashwin,UT Yadav,RA Jadeja,6,R Rampaul,KA Pollard,DJG Sammy,DM Bravo,RR Sarwan,CH Gayle,SP Narine,KAJ Roach,DJ Bravo,J Charles,MN Samuels,0,West Indies,Kennington Oval,0,2013
Durban,22,South Africa,0,AB Agarkar,SR Tendulkar,W Jaffer,D Mongia,MS Dhoni,R Dravid,Z Khan,Harbhajan Singh,M Kaif,MM Patel,SK Raina,11,AB de Villiers,GC Smith,JH Kallis,CK Langeveldt,LE Bosman,MV Boucher,HH Gibbs,M Ntini,SM Pollock,A Nel,JM Kemp,0,India,Kingsmead,0,2006
Colombo,24,Sri Lanka,1,P Kumar,SK Raina,Yuvraj Singh,MS Dhoni,V Kohli,G Gambhir,Z Khan,S Badrinath,RG Sharma,Harbhajan Singh,MM Patel,8,KMDN Kulasekara,BAW Mendis,DPMD Jayawardene,T Thushara,LPC Silva,TM Dilshan,WPUJC Vaas,M Muralitharan,ST Jayasuriya,KC Sangakkara,CK Kapugedera,0,India,R Premadasa Stadium,1,2008
Cuttack,21,India,1,V Sehwag,SR Tendulkar,,A Nehra,Z Khan,I Sharma,G Gambhir,KD Karthik,Harbhajan Singh,RA Jadeja,Yuvraj Singh,12,S Randiv,BAW Mendis,DPMD Jayawardene,SHT Kandamby,KMDN Kulasekara,TM Dilshan,SL Malinga,WU Tharanga,KC Sangakkara,CK Kapugedera,UWMBCA Welegedara,0,Sri Lanka,Barabati Stadium,0,2009
Kolkata,25,India,0,P Kumar,R Vinay Kumar,AM Rahane,MS Dhoni,VR Aaron,V Kohli,G Gambhir,RA Jadeja,R Ashwin,MK Tiwary,SK Raina,10,SC Meaker,AN Cook,SR Patel,GP Swann,C Kieswetter,IJL Trott,TT Bresnan,JM Bairstow,IR Bell,ST Finn,RS Bopara,0,England,Eden Gardens,0,2011
Jaipur,21,India,0,P Kumar,SR Tendulkar,S Sreesanth,MS Dhoni,V Sehwag,V Kohli,A Nehra,KD Karthik,RA Jadeja,SK Raina,YK Pathan,2,DW Steyn,JA Morkel,JH Kallis,AB de Villiers,CK Langeveldt,LE Bosman,J Botha,HH Gibbs,MV Boucher,AN Petersen,WD Parnell,0,South Africa,Sawai Mansingh Stadium,0,2010
Mirpur,13,India,0,MS Dhoni,Yuvraj Singh,S Sreesanth,V Sehwag,V Kohli,G Gambhir,Z Khan,A Nehra,Harbhajan Singh,RA Jadeja,SK Raina,1,S Randiv,NLTC Perera,DPMD Jayawardene,TT Samaraweera,KMDN Kulasekara,T Thushara,TM Dilshan,SHT Kandamby,UWMBCA Welegedara,WU Tharanga,KC Sangakkara,0,Sri Lanka,Shere Bangla National Stadium,1,2010
Margao,14,India,1,AB Agarkar,Yuvraj Singh,SR Tendulkar,MS Dhoni,V Sehwag,R Dravid,Z Khan,KD Karthik,SC Ganguly,Harbhajan Singh,MM Patel,2,RP Arnold,MS Atapattu,DPMD Jayawardene,KMDN Kulasekara,TM Dilshan,HMCM Bandara,ST Jayasuriya,WU Tharanga,KC Sangakkara,CRD Fernando,MF Maharoof,0,Sri Lanka,"Nehru Stadium, Fatorda",0,2007
Trinidad,23,India,1,AB Agarkar,Yuvraj Singh,SR Tendulkar,MS Dhoni,V Sehwag,R Dravid,Z Khan,RV Uthappa,SC Ganguly,Harbhajan Singh,MM Patel,3,RP Arnold,CRD Fernando,DPMD Jayawardene,LPC Silva,TM Dilshan,SL Malinga,ST Jayasuriya,WU Tharanga,KC Sangakkara,WPUJC Vaas,M Muralitharan,0,Sri Lanka,"Queen's Park Oval, Port of Spain",1,2007
Colombo,8,Sri Lanka,0,MS Dhoni,YK Pathan,SK Raina,V Sehwag,I Sharma,L Balaji,G Gambhir,RG Sharma,Yuvraj Singh,RA Jadeja,IK Pathan,2,SHT Kandamby,MF Maharoof,DPMD Jayawardene,T Thushara,TM Dilshan,KMDN Kulasekara,ST Jayasuriya,KC Sangakkara,CK Kapugedera,M Muralitharan,BAW Mendis,0,India,R Premadasa Stadium,0,2009
Mirpur,10,Bangladesh,0,RR Powar,Yuvraj Singh,S Sreesanth,D Mongia,MS Dhoni,V Sehwag,R Dravid,Z Khan,G Gambhir,KD Karthik,MM Patel,5,Mohammad Ashraful,Habibul Bashar,Shakib Al Hasan,Tamim Iqbal,Mushfiqur Rahim,Mohammad Rafique,Javed Omar,Syed Rasel,Shahadat Hossain,Abdur Razzak,Aftab Ahmed,0,India,Shere Bangla National Stadium,1,2007
Chennai,30,India,0,B Kumar,Yuvraj Singh,AB Dinda,MS Dhoni,V Sehwag,V Kohli,G Gambhir,I Sharma,RG Sharma,R Ashwin,SK Raina,12,Saeed Ajmal,Misbah-ul-Haq,,Younis Khan,Nasir Jamshed,Umar Gul,Junaid Khan,Mohammad Hafeez,Azhar Ali,Shoaib Malik,Mohammad Irfan,0,Pakistan,"MA Chidambaram Stadium, Chepauk",1,2012
Southampton,21,England,0,PP Chawla,Yuvraj Singh,SR Tendulkar,AB Agarkar,RP Singh,MS Dhoni,R Dravid,Z Khan,G Gambhir,KD Karthik,SC Ganguly,8,SCJ Broad,KP Pietersen,,MJ Prior,IR Bell,A Flintoff,PD Collingwood,JM Anderson,MS Panesar,AD Mascarenhas,AN Cook,0,India,The Rose Bowl,0,2007
Chandigarh,29,India,0,MS Dhoni,SR Tendulkar,S Sreesanth,D Mongia,R Dravid,V Sehwag,Harbhajan Singh,M Kaif,MM Patel,IK Pathan,SK Raina,10,RT Ponting,MG Johnson,,MJ Clarke,B Lee,NW Bracken,A Symonds,DR Martyn,SR Watson,GD McGrath,AC Gilchrist,0,Australia,"Punjab Cricket Association Stadium, Mohali",1,2006
Mirpur,10,India,1,A Mishra,S Tyagi,,V Kohli,Z Khan,G Gambhir,KD Karthik,RA Jadeja,SK Raina,Yuvraj Singh,S Sreesanth,1,S Randiv,NLTC Perera,DPMD Jayawardene,TT Samaraweera,SHT Kandamby,T Thushara,TM Dilshan,RAS Lakmal,UWMBCA Welegedara,WU Tharanga,KC Sangakkara,0,Sri Lanka,Shere Bangla National Stadium,0,2010
Trinidad,28,West Indies,0,AB Agarkar,Yuvraj Singh,S Sreesanth,MS Dhoni,V Sehwag,R Dravid,RV Uthappa,Harbhajan Singh,M Kaif,MM Patel,SK Raina,5,D Mohammed,JE Taylor,,CH Gayle,D Ramdin,BC Lara,DR Smith,WW Hinds,DJ Bravo,RR Sarwan,S Chattergoon,0,India,"Queen's Park Oval, Port of Spain",0,2006
Brisbane,21,India,1,V Sehwag,SR Tendulkar,R Vinay Kumar,V Kohli,G Gambhir,R Ashwin,UT Yadav,RA Jadeja,PA Patel,IK Pathan,SK Raina,2,HMRKB Herath,MF Maharoof,DPMD Jayawardene,KMDN Kulasekara,TM Dilshan,HDRL Thirimanne,SL Malinga,KC Sangakkara,NLTC Perera,AD Mathews,LD Chandimal,0,Sri Lanka,"Brisbane Cricket Ground, Woolloongabba",1,2012
Chennai,20,India,0,MS Dhoni,SR Tendulkar,YK Pathan,V Kohli,G Gambhir,Z Khan,Harbhajan Singh,R Ashwin,MM Patel,SK Raina,Yuvraj Singh,3,R Rampaul,KA Pollard,DJG Sammy,DS Smith,DM Bravo,SJ Benn,RR Sarwan,DC Thomas,AD Russell,KA Edwards,D Bishoo,0,West Indies,"MA Chidambaram Stadium, Chepauk",0,2011
Rajkot,11,India,1,SR Tendulkar,A Kumble,S Sreesanth,MS Dhoni,R Dravid,V Sehwag,RV Uthappa,KD Karthik,SC Ganguly,Harbhajan Singh,MM Patel,2,RP Arnold,MS Atapattu,DPMD Jayawardene,KMDN Kulasekara,TM Dilshan,HMCM Bandara,SL Malinga,ST Jayasuriya,WU Tharanga,KC Sangakkara,MF Maharoof,0,Sri Lanka,Madhavrao Scindia Cricket Ground,1,2007
Mirpur,19,Bangladesh,1,V Sehwag,S Sreesanth,,V Kohli,G Gambhir,Z Khan,Harbhajan Singh,MM Patel,YK Pathan,Yuvraj Singh,SR Tendulkar,2,Junaid Siddique,Raqibul Hasan,Shafiul Islam,Tamim Iqbal,Mushfiqur Rahim,Naeem Islam,Rubel Hossain,Mahmudullah,Imrul Kayes,Abdur Razzak,Shakib Al Hasan,0,India,Shere Bangla National Stadium,1,2011
Colombo,14,Sri Lanka,1,RP Singh,YK Pathan,SR Tendulkar,MS Dhoni,R Dravid,V Kohli,A Nehra,I Sharma,Yuvraj Singh,Harbhajan Singh,SK Raina,9,KMDN Kulasekara,BAW Mendis,DPMD Jayawardene,T Thushara,TM Dilshan,SHT Kandamby,SL Malinga,ST Jayasuriya,KC Sangakkara,CK Kapugedera,AD Mathews,0,India,R Premadasa Stadium,1,2009
Mirpur,21,Bangladesh,1,AT Rayudu,DS Kulkarni,SK Raina,B Kumar,MS Dhoni,V Kohli,AR Patel,RG Sharma,S Dhawan,RA Jadeja,R Ashwin,6,Mashrafe Mortaza,Shakib Al Hasan,Litton Das,Soumya Sarkar,Tamim Iqbal,Mushfiqur Rahim,Sabbir Rahman,Rubel Hossain,Mustafizur Rahman,Taskin Ahmed,Nasir Hossain,0,India,Shere Bangla National Stadium,0,2015
Mirpur,16,Bangladesh,1,P Kumar,SR Tendulkar,AB Dinda,MS Dhoni,V Kohli,G Gambhir,RG Sharma,RA Jadeja,R Ashwin,IK Pathan,SK Raina,3,Mashrafe Mortaza,Nasir Hossain,Shafiul Islam,Nazimuddin,Tamim Iqbal,Jahurul Islam,Mushfiqur Rahim,Mahmudullah,Shahadat Hossain,Abdur Razzak,Shakib Al Hasan,0,India,Shere Bangla National Stadium,0,2012
Mirpur,19,Bangladesh,1,AT Rayudu,AM Rahane,CA Pujara,MM Sharma,AR Patel,RV Uthappa,WP Saha,UT Yadav,MK Tiwary,SK Raina,STR Binny,6,Mashrafe Mortaza,,,Al-Amin Hossain,Mahmudullah,Taskin Ahmed,Nasir Hossain,Sohag Gazi,Shakib Al Hasan,,,2,India,Shere Bangla National Stadium,0,2014
Colombo,28,Sri Lanka,0,R Sharma,SK Raina,AB Dinda,MS Dhoni,V Sehwag,V Kohli,Z Khan,G Gambhir,RG Sharma,R Ashwin,IK Pathan,7,HMRKB Herath,I Udana,DPMD Jayawardene,TM Dilshan,BMAJ Mendis,SL Malinga,WU Tharanga,KC Sangakkara,NLTC Perera,AD Mathews,LD Chandimal,0,India,R Premadasa Stadium,1,2012
Southampton,6,England,1,P Kumar,R Vinay Kumar,AM Rahane,MS Dhoni,R Dravid,V Kohli,R Ashwin,PA Patel,MM Patel,MK Tiwary,SK Raina,9,SCJ Broad,SR Patel,,GP Swann,C Kieswetter,JW Dernbach,TT Bresnan,IR Bell,RS Bopara,JM Anderson,AN Cook,0,India,The Rose Bowl,0,2011
Mumbai,17,India,1,RP Singh,Yuvraj Singh,SR Tendulkar,MS Dhoni,Z Khan,M Kartik,KD Karthik,SC Ganguly,RV Uthappa,Harbhajan Singh,IK Pathan,10,RT Ponting,MG Johnson,GB Hogg,BJ Hodge,MJ Clarke,BJ Haddin,B Lee,NW Bracken,A Symonds,AC Gilchrist,JR Hopes,0,Australia,Wankhede Stadium,0,2007
Christchurch,8,New Zealand,1,P Kumar,SR Tendulkar,YK Pathan,MS Dhoni,V Sehwag,G Gambhir,Z Khan,Harbhajan Singh,MM Patel,SK Raina,Yuvraj Singh,3,JD Ryder,BB McCullum,TG Southee,LRPL Taylor,JS Patel,KD Mills,MJ Guptill,IG Butler,PD McGlashan,GD Elliott,JDP Oram,0,India,AMI Stadium,1,2009
Bulawayo,28,Zimbabwe,1,A Mishra,AB Dinda,M Vijay,V Kohli,RG Sharma,KD Karthik,R Vinay Kumar,RA Jadeja,UT Yadav,SK Raina,YK Pathan,5,BRM Taylor,P Utseya,CR Ervine,AG Cremer,CB Mpofu,GA Lamb,AM Blignaut,E Chigumbura,RW Price,H Masakadza,CK Coventry,0,India,Queens Sports Club,0,2010
Hamilton,11,New Zealand,0,P Kumar,,,I Sharma,V Sehwag,Z Khan,G Gambhir,Harbhajan Singh,YK Pathan,Yuvraj Singh,,3,JD Ryder,BB McCullum,EP Thompson,JDP Oram,IE O'Brien,LRPL Taylor,KD Mills,MJ Guptill,PD McGlashan,DL Vettori,GD Elliott,0,India,Seddon Park,1,2009
Bangalore,27,India,0,PP Chawla,Yuvraj Singh,SR Tendulkar,MS Dhoni,V Sehwag,V Kohli,G Gambhir,Z Khan,Harbhajan Singh,MM Patel,YK Pathan,2,GP Swann,JM Anderson,KP Pietersen,MH Yardy,IJL Trott,A Shahzad,TT Bresnan,AJ Strauss,MJ Prior,IR Bell,PD Collingwood,1,England,M Chinnaswamy Stadium,0,2011
Brisbane,19,Australia,0,MS Dhoni,SR Tendulkar,R Vinay Kumar,V Kohli,Z Khan,G Gambhir,RG Sharma,UT Yadav,RA Jadeja,IK Pathan,SK Raina,2,RT Ponting,BW Hilfenhaus,MEK Hussey,DA Warner,PJ Forrest,XJ Doherty,MS Wade,B Lee,MA Starc,DT Christian,DJ Hussey,0,India,"Brisbane Cricket Ground, Woolloongabba",0,2012
Manchester,30,England,1,AB Agarkar,Yuvraj Singh,SR Tendulkar,PP Chawla,RP Singh,RR Powar,MS Dhoni,R Dravid,Z Khan,KD Karthik,SC Ganguly,8,OA Shah,AN Cook,KP Pietersen,SCJ Broad,MJ Prior,IR Bell,RS Bopara,A Flintoff,PD Collingwood,JM Anderson,MS Panesar,0,India,Old Trafford,0,2007
Visakhapatnam,17,India,1,AB Agarkar,,,V Sehwag,Z Khan,RV Uthappa,KD Karthik,SC Ganguly,Harbhajan Singh,Yuvraj Singh,S Sreesanth,2,RP Arnold,MS Atapattu,DPMD Jayawardene,LPC Silva,TM Dilshan,HMCM Bandara,SL Malinga,ST Jayasuriya,KC Sangakkara,CRD Fernando,MF Maharoof,0,Sri Lanka,Andhra Cricket Association-Visakhapatnam District Cricket Association Stadium,0,2007
Trinidad,6,West Indies,0,A Mishra,YK Pathan,SK Raina,P Kumar,V Kohli,S Badrinath,RG Sharma,S Dhawan,Harbhajan Singh,PA Patel,MM Patel,6,R Rampaul,A Martin,DJG Sammy,DM Bravo,RR Sarwan,LMP Simmons,KA Edwards,DJ Bravo,CS Baugh,D Bishoo,MN Samuels,0,India,"Queen's Park Oval, Port of Spain",1,2011
Bulawayo,1,Zimbabwe,0,A Mishra,,,MM Sharma,JD Unadkat,RG Sharma,RA Jadeja,SK Raina,Mohammed Shami,CA Pujara,,8,BRM Taylor,V Sibanda,TL Chatara,SC Williams,MT Chinouya,BV Vitori,Sikandar Raza,MN Waller,H Masakadza,E Chigumbura,P Utseya,0,India,Queens Sports Club,1,2013
Colombo,31,Sri Lanka,1,P Kumar,SR Tendulkar,YK Pathan,MS Dhoni,PP Ojha,V Sehwag,I Sharma,G Gambhir,Z Khan,SK Raina,Yuvraj Singh,1,KMDN Kulasekara,MF Maharoof,DPMD Jayawardene,T Thushara,TM Dilshan,SHT Kandamby,ST Jayasuriya,M Muralitharan,KC Sangakkara,CK Kapugedera,BAW Mendis,0,India,R Premadasa Stadium,1,2009
Vadodara,11,India,0,RP Singh,Yuvraj Singh,SR Tendulkar,MS Dhoni,R Dravid,Z Khan,RV Uthappa,M Kartik,SC Ganguly,Harbhajan Singh,IK Pathan,10,RT Ponting,,,ML Hayden,B Lee,NW Bracken,AC Gilchrist,JR Hopes,MG Johnson,GB Hogg,,0,Australia,Reliance Stadium,1,2007
Colombo,31,Sri Lanka,0,V Sehwag,AB Dinda,,V Kohli,Z Khan,G Gambhir,RG Sharma,R Ashwin,IK Pathan,MK Tiwary,SK Raina,7,HMRKB Herath,LD Chandimal,DPMD Jayawardene,TM Dilshan,HDRL Thirimanne,BMAJ Mendis,SL Malinga,WU Tharanga,N Pradeep,NLTC Perera,AD Mathews,0,India,R Premadasa Stadium,1,2012
Kochi,2,India,1,SR Tendulkar,Yuvraj Singh,S Sreesanth,RR Powar,MS Dhoni,R Dravid,Z Khan,G Gambhir,RV Uthappa,Harbhajan Singh,IK Pathan,10,BJ Hodge,MG Johnson,GB Hogg,MJ Clarke,BJ Haddin,ML Hayden,B Lee,A Symonds,AC Gilchrist,SR Clark,JR Hopes,0,Australia,Nehru Stadium,1,2007
Mirpur,24,Bangladesh,1,AT Rayudu,SK Raina,STR Binny,MS Dhoni,V Kohli,AR Patel,RG Sharma,S Dhawan,UT Yadav,R Ashwin,DS Kulkarni,6,Mashrafe Mortaza,Shakib Al Hasan,Litton Das,Soumya Sarkar,Arafat Sunny,Tamim Iqbal,Mushfiqur Rahim,Sabbir Rahman,Rubel Hossain,Mustafizur Rahman,Nasir Hossain,0,India,Shere Bangla National Stadium,1,2015
Trinidad,8,West Indies,0,A Mishra,SK Raina,,P Kumar,V Kohli,RG Sharma,S Dhawan,Harbhajan Singh,PA Patel,MM Patel,YK Pathan,6,R Rampaul,A Martin,DJG Sammy,MN Samuels,RR Sarwan,LMP Simmons,KA Edwards,DJ Bravo,CS Baugh,D Bishoo,KA Pollard,0,India,"Queen's Park Oval, Port of Spain",1,2011
Nagpur,12,India,0,MS Dhoni,Yuvraj Singh,SR Tendulkar,V Sehwag,V Kohli,G Gambhir,Z Khan,A Nehra,Harbhajan Singh,MM Patel,YK Pathan,3,DW Steyn,F du Plessis,JH Kallis,JP Duminy,M Morkel,RJ Peterson,AB de Villiers,J Botha,HM Amla,MN van Wyk,GC Smith,0,South Africa,"Vidarbha Cricket Association Stadium, Jamtha",1,2011
Bangalore,2,India,0,B Kumar,Mohammed Shami,R Vinay Kumar,MS Dhoni,V Kohli,RG Sharma,S Dhawan,RA Jadeja,R Ashwin,SK Raina,Yuvraj Singh,11,GJ Maxwell,AC Voges,NM Coulter-Nile,JP Faulkner,CJ McKay,XJ Doherty,AJ Finch,BJ Haddin,GJ Bailey,PJ Hughes,SR Watson,0,Australia,M Chinnaswamy Stadium,0,2013
Vadodara,4,India,1,A Nehra,,,Z Khan,G Gambhir,V Kohli,R Ashwin,RA Jadeja,MM Patel,YK Pathan,M Vijay,12,NL McCullum,DL Vettori,BB McCullum,AJ McKay,LRPL Taylor,KS Williamson,KD Mills,MJ Guptill,SB Styris,GJ Hopkins,JEC Franklin,0,New Zealand,Reliance Stadium,0,2010
Auckland,14,India,1,MS Dhoni,Mohammed Shami,AM Rahane,V Kohli,MM Sharma,RG Sharma,S Dhawan,R Ashwin,RA Jadeja,UT Yadav,SK Raina,3,T Panyangara,CR Ervine,TL Chatara,BRM Taylor,SC Williams,RW Chakabva,CJ Chibhabha,Sikandar Raza,H Masakadza,T Mupariwa,SF Mire,0,Zimbabwe,Eden Park,0,2015
Chandigarh,2,India,1,P Kumar,Yuvraj Singh,SR Tendulkar,MS Dhoni,I Sharma,A Nehra,V Sehwag,V Kohli,Harbhajan Singh,RA Jadeja,SK Raina,11,RT Ponting,CL White,MEK Hussey,PM Siddle,GA Manou,MC Henriques,NM Hauritz,SR Watson,DE Bollinger,SE Marsh,MG Johnson,0,Australia,"Punjab Cricket Association Stadium, Mohali",1,2009
Mirpur,7,Bangladesh,0,MS Dhoni,Yuvraj Singh,S Sreesanth,V Sehwag,A Nehra,Z Khan,G Gambhir,V Kohli,Harbhajan Singh,RA Jadeja,SK Raina,1,Mohammad Ashraful,Raqibul Hasan,Shakib Al Hasan,Tamim Iqbal,Mushfiqur Rahim,Mahmudullah,Naeem Islam,Syed Rasel,Imrul Kayes,Abdur Razzak,Rubel Hossain,0,India,Shere Bangla National Stadium,1,2010
Nagpur,14,India,1,SR Tendulkar,Yuvraj Singh,S Sreesanth,MS Dhoni,R Dravid,Z Khan,M Kartik,RV Uthappa,SC Ganguly,Harbhajan Singh,IK Pathan,10,RT Ponting,MG Johnson,GB Hogg,BJ Hodge,MJ Clarke,BJ Haddin,B Lee,NW Bracken,A Symonds,AC Gilchrist,JR Hopes,0,Australia,Vidarbha Cricket Association Ground,1,2007
Bangalore,23,India,0,MS Dhoni,SR Tendulkar,,V Sehwag,I Sharma,G Gambhir,Z Khan,Harbhajan Singh,MM Patel,YK Pathan,Yuvraj Singh,11,OA Shah,KP Pietersen,SR Patel,GP Swann,SCJ Broad,MJ Prior,IR Bell,RS Bopara,A Flintoff,PD Collingwood,JM Anderson,0,England,M Chinnaswamy Stadium,0,2008
Colombo,5,Sri Lanka,1,P Kumar,YK Pathan,SK Raina,MS Dhoni,PP Ojha,V Sehwag,I Sharma,G Gambhir,RG Sharma,Yuvraj Singh,IK Pathan,2,KMDN Kulasekara,MF Maharoof,DPMD Jayawardene,SHT Kandamby,TM Dilshan,ST Jayasuriya,M Muralitharan,KC Sangakkara,CK Kapugedera,CRD Fernando,AD Mathews,0,India,R Premadasa Stadium,1,2009
Napier,19,New Zealand,0,B Kumar,Mohammed Shami,AM Rahane,MS Dhoni,I Sharma,V Kohli,RG Sharma,S Dhawan,R Ashwin,RA Jadeja,SK Raina,1,NL McCullum,AF Milne,TG Southee,JD Ryder,MJ McClenaghan,CJ Anderson,LRPL Taylor,KS Williamson,L Ronchi,MJ Guptill,BB McCullum,0,India,McLean Park,0,2014
Brisbane,15,Australia,1,MS Dhoni,UT Yadav,AM Rahane,MK Pandey,I Sharma,V Kohli,BB Sran,RG Sharma,S Dhawan,RA Jadeja,R Ashwin,1,GJ Maxwell,KW Richardson,,JP Faulkner,SPD Smith,GJ Bailey,AJ Finch,JW Hastings,JS Paris,SE Marsh,SM Boland,0,India,"Brisbane Cricket Ground, Woolloongabba",0,2016
Cardiff,16,England,1,RP Singh,R Vinay Kumar,AM Rahane,MS Dhoni,R Dravid,V Kohli,RA Jadeja,PA Patel,R Ashwin,MM Patel,SK Raina,9,GP Swann,AN Cook,SR Patel,C Kieswetter,JW Dernbach,TT Bresnan,IJL Trott,JM Bairstow,IR Bell,ST Finn,RS Bopara,0,India,Sophia Gardens,0,2011
Mirpur,15,Bangladesh,0,A Mishra,CA Pujara,,AT Rayudu,MM Sharma,AR Patel,RV Uthappa,UT Yadav,SK Raina,Parvez Rasool,AM Rahane,6,Mashrafe Mortaza,Anamul Haque,Shakib Al Hasan,Al-Amin Hossain,Tamim Iqbal,Mushfiqur Rahim,Mahmudullah,Ziaur Rahman,Abdur Razzak,Mominul Haque,Nasir Hossain,0,India,Shere Bangla National Stadium,1,2014
Fatullah,26,Bangladesh,0,B Kumar,Mohammed Shami,AM Rahane,AT Rayudu,VR Aaron,V Kohli,RG Sharma,KD Karthik,S Dhawan,R Ashwin,RA Jadeja,2,Mashrafe Mortaza,Anamul Haque,Shamsur Rahman,Mushfiqur Rahim,Naeem Islam,Ziaur Rahman,Rubel Hossain,Abdur Razzak,Mominul Haque,Sohag Gazi,Nasir Hossain,0,India,Khan Shaheb Osman Ali Stadium,1,2014
Kanpur,20,India,1,MS Dhoni,Yuvraj Singh,SK Raina,I Sharma,V Sehwag,Z Khan,G Gambhir,RG Sharma,Harbhajan Singh,MM Patel,YK Pathan,11,OA Shah,KP Pietersen,SR Patel,GP Swann,SCJ Broad,MJ Prior,IR Bell,RS Bopara,A Flintoff,PD Collingwood,JM Anderson,0,England,Green Park,0,2008
Cardiff,20,India,1,B Kumar,SK Raina,,MS Dhoni,I Sharma,V Kohli,RG Sharma,S Dhawan,R Ashwin,UT Yadav,RA Jadeja,6,MDKJ Perera,AD Mathews,DPMD Jayawardene,HMRKB Herath,KMDN Kulasekara,TM Dilshan,HDRL Thirimanne,BMAJ Mendis,SL Malinga,KC Sangakkara,NLTC Perera,0,Sri Lanka,Sophia Gardens,0,2013
London,11,England,1,RP Singh,SK Raina,AM Rahane,P Kumar,MS Dhoni,R Dravid,V Kohli,RA Jadeja,PA Patel,MM Patel,R Ashwin,9,SCJ Broad,AN Cook,BA Stokes,GP Swann,C Kieswetter,IJL Trott,TT Bresnan,IR Bell,ST Finn,RS Bopara,JM Anderson,1,India,Lord's,0,2011
Bangalore,29,India,1,SR Tendulkar,,,RP Singh,RR Powar,Z Khan,G Gambhir,IK Pathan,Yuvraj Singh,S Sreesanth,,9,BJ Hodge,,,MJ Clarke,BJ Haddin,ML Hayden,B Lee,A Symonds,AC Gilchrist,JR Hopes,MG Johnson,2,Australia,M Chinnaswamy Stadium,0,2007
Colombo,12,Sri Lanka,0,SR Tendulkar,Yuvraj Singh,SK Raina,RP Singh,MS Dhoni,I Sharma,A Nehra,R Dravid,KD Karthik,Harbhajan Singh,YK Pathan,9,SHT Kandamby,BAW Mendis,DPMD Jayawardene,KMDN Kulasekara,TM Dilshan,T Thushara,SL Malinga,ST Jayasuriya,KC Sangakkara,CK Kapugedera,AD Mathews,0,India,R Premadasa Stadium,0,2009
Kuala Lumpur,14,India,0,AB Agarkar,SK Raina,SR Tendulkar,RP Singh,MS Dhoni,V Sehwag,R Dravid,Harbhajan Singh,M Kaif,MM Patel,IK Pathan,9,CH Gayle,,,BC Lara,FH Edwards,DR Smith,DJ Bravo,RR Sarwan,IDR Bradshaw,JE Taylor,S Chanderpaul,0,West Indies,Kinrara Academy Oval,1,2006
Brisbane,20,England,1,AT Rayudu,STR Binny,AM Rahane,B Kumar,MS Dhoni,V Kohli,AR Patel,S Dhawan,UT Yadav,SK Raina,Mohammed Shami,1,SCJ Broad,,,IR Bell,ST Finn,MM Ali,JM Anderson,JWA Taylor,CR Woakes,,,0,India,"Brisbane Cricket Ground, Woolloongabba",0,2015
Kolkata,24,India,1,V Sehwag,SK Raina,SR Tendulkar,A Nehra,Z Khan,I Sharma,G Gambhir,V Kohli,KD Karthik,Harbhajan Singh,RA Jadeja,12,S Randiv,NLTC Perera,DPMD Jayawardene,TT Samaraweera,SHT Kandamby,RAS Lakmal,TM Dilshan,SL Malinga,ST Jayasuriya,WU Tharanga,KC Sangakkara,0,Sri Lanka,Eden Gardens,0,2009
Visakhapatnam,2,India,1,VR Aaron,SK Raina,R Vinay Kumar,V Sehwag,V Kohli,G Gambhir,RG Sharma,R Ashwin,UT Yadav,RA Jadeja,PA Patel,12,R Rampaul,DJG Sammy,DP Hyatt,DM Bravo,D Ramdin,AB Barath,LMP Simmons,KAJ Roach,AD Russell,MN Samuels,KA Pollard,0,West Indies,Dr. Y.S. Rajasekhara Reddy ACA-VDCA Cricket Stadium,0,2011
Nagpur,30,India,1,B Kumar,Yuvraj Singh,Mohammed Shami,A Mishra,MS Dhoni,V Kohli,RG Sharma,S Dhawan,R Ashwin,RA Jadeja,SK Raina,10,GJ Maxwell,SR Watson,MG Johnson,JP Faulkner,CJ McKay,GJ Bailey,AJ Finch,BJ Haddin,XJ Doherty,AC Voges,PJ Hughes,0,Australia,"Vidarbha Cricket Association Stadium, Jamtha",0,2013
Kuala Lumpur,16,Australia,0,AB Agarkar,SR Tendulkar,,RP Singh,V Sehwag,R Dravid,Harbhajan Singh,MM Patel,IK Pathan,SK Raina,Yuvraj Singh,9,RT Ponting,GB Hogg,PA Jaques,MJ Clarke,BJ Haddin,DR Martyn,SR Watson,MJ Cosgrove,GD McGrath,SR Clark,MG Johnson,2,India,Kinrara Academy Oval,0,2006
Trinidad,19,Bermuda,1,AB Agarkar,Yuvraj Singh,SR Tendulkar,MS Dhoni,V Sehwag,R Dravid,Z Khan,RV Uthappa,SC Ganguly,MM Patel,A Kumble,3,DCC Borden,KAD Hurdle,IH Romaine,SD Outerbridge,DL Hemp,JJ Tucker,RDM Leverock,LOB Cann,MO Jones,DA Minors,OL Pitcher,0,India,"Queen's Park Oval, Port of Spain",1,2007
Hyderabad,9,India,1,AT Rayudu,SK Raina,AM Rahane,I Sharma,V Kohli,AR Patel,WP Saha,S Dhawan,R Ashwin,UT Yadav,DS Kulkarni,11,MDKJ Perera,S Prasanna,DPMD Jayawardene,KMDN Kulasekara,TM Dilshan,PLS Gamage,KC Sangakkara,NLTC Perera,AD Mathews,SMA Priyanjan,PC de Silva,0,Sri Lanka,"Rajiv Gandhi International Stadium, Uppal",0,2014
Hambantota,24,Sri Lanka,1,PP Ojha,IK Pathan,SK Raina,MS Dhoni,V Sehwag,V Kohli,G Gambhir,Z Khan,RG Sharma,R Ashwin,UT Yadav,7,HMRKB Herath,,,TM Dilshan,SL Malinga,WU Tharanga,NLTC Perera,AD Mathews,LD Chandimal,I Udana,,0,India,"Mahinda Rajapaksa International Cricket Stadium, Sooriyawewa",0,2012
Jamaica,30,West Indies,1,B Kumar,UT Yadav,SK Raina,MS Dhoni,I Sharma,V Kohli,RG Sharma,KD Karthik,S Dhawan,RA Jadeja,R Ashwin,6,DS Smith,KA Pollard,DJG Sammy,DM Bravo,CH Gayle,D Ramdin,SP Narine,TL Best,KAJ Roach,J Charles,MN Samuels,0,India,"Sabina Park, Kingston",0,2013
Gwalior,15,India,1,RP Singh,SR Tendulkar,,MS Dhoni,V Sehwag,Z Khan,G Gambhir,SC Ganguly,Harbhajan Singh,IK Pathan,Yuvraj Singh,11,Salman Butt,Mohammad Yousuf,Misbah-ul-Haq,Sohail Tanvir,Kamran Akmal,Younis Khan,Shoaib Akhtar,Iftikhar Anjum,Umar Gul,Shoaib Malik,Shahid Afridi,0,Pakistan,Captain Roop Singh Stadium,0,2007
St Lucia,5,West Indies,0,A Nehra,,,I Sharma,,,,,,,,7,RS Morton,,,RR Sarwan,CH Gayle,,,,,,,2,India,"Beausejour Stadium, Gros Islet",0,2009
Karachi,25,Hong Kong,1,PP Chawla,MS Gony,YK Pathan,RP Singh,P Kumar,MS Dhoni,V Sehwag,G Gambhir,RV Uthappa,RG Sharma,SK Raina,6,JPR Lamsam,Munir Dar,Irfan Ahmed,Afzaal Haider,Skhawat Ali,JJ Atkinson,CK Kruger,Najeeb Amar,Tabarak Dar,KH Butt,Nadeem Ahmed,0,India,National Stadium,1,2008
Trinidad,11,India,1,B Kumar,SK Raina,R Vinay Kumar,MS Dhoni,I Sharma,V Kohli,RG Sharma,KD Karthik,S Dhawan,R Ashwin,RA Jadeja,7,MDKJ Perera,LD Chandimal,DPMD Jayawardene,HMRKB Herath,RMS Eranga,RAS Lakmal,HDRL Thirimanne,SL Malinga,WU Tharanga,KC Sangakkara,AD Mathews,0,Sri Lanka,"Queen's Park Oval, Port of Spain",0,2013
Brisbane,5,India,0,MS Dhoni,,,V Sehwag,G Gambhir,RG Sharma,Yuvraj Singh,SR Tendulkar,,,,2,TM Dilshan,,,SL Malinga,WPUJC Vaas,M Muralitharan,CK Kapugedera,ST Jayasuriya,MKDI Amerasinghe,,,2,Sri Lanka,"Brisbane Cricket Ground, Woolloongabba",0,2008
Guwahati,8,India,0,P Kumar,Yuvraj Singh,SR Tendulkar,MS Dhoni,V Sehwag,A Nehra,G Gambhir,Harbhajan Singh,RA Jadeja,MM Patel,SK Raina,11,RT Ponting,MEK Hussey,,CJ McKay,AC Voges,NM Hauritz,SR Watson,SE Marsh,CL White,MG Johnson,DE Bollinger,0,Australia,Nehru Stadium,1,2009
Mirpur,5,India,0,MS Dhoni,Yuvraj Singh,S Sreesanth,V Sehwag,V Kohli,G Gambhir,Z Khan,A Nehra,Harbhajan Singh,RA Jadeja,SK Raina,1,S Randiv,NLTC Perera,,TT Samaraweera,RAS Lakmal,T Thushara,SHT Kandamby,HDRL Thirimanne,UWMBCA Welegedara,WU Tharanga,KC Sangakkara,0,Sri Lanka,Shere Bangla National Stadium,1,2010
Trinidad,26,West Indies,1,AB Agarkar,Yuvraj Singh,S Sreesanth,RR Powar,MS Dhoni,R Dravid,V Sehwag,Harbhajan Singh,M Kaif,IK Pathan,SK Raina,5,RR Sarwan,IDR Bradshaw,,CH Gayle,BC Lara,CD Collymore,FH Edwards,DR Smith,WW Hinds,DJ Bravo,MN Samuels,0,India,"Queen's Park Oval, Port of Spain",0,2006
Belfast,29,India,1,PP Chawla,Yuvraj Singh,SR Tendulkar,RP Singh,RR Powar,MS Dhoni,I Sharma,R Dravid,Z Khan,KD Karthik,SC Ganguly,6,JP Duminy,A Nel,JH Kallis,AB de Villiers,CK Langeveldt,AJ Hall,MV Boucher,HH Gibbs,M Ntini,MS Tshabalala,MN van Wyk,0,South Africa,"Civil Service Cricket Club, Stormont",0,2007
Hamilton,28,New Zealand,1,AT Rayudu,STR Binny,AM Rahane,B Kumar,VR Aaron,MS Dhoni,V Kohli,RG Sharma,R Ashwin,RA Jadeja,Mohammed Shami,1,NL McCullum,TG Southee,,JD Ryder,HK Bennett,JDS Neesham,LRPL Taylor,KS Williamson,KD Mills,MJ Guptill,BB McCullum,0,India,Seddon Park,0,2014
Durban,8,South Africa,0,MS Dhoni,Mohammed Shami,AM Rahane,I Sharma,V Kohli,RG Sharma,S Dhawan,R Ashwin,UT Yadav,RA Jadeja,SK Raina,12,DW Steyn,VD Philander,DA Miller,JP Duminy,AB de Villiers,LL Tsotsobe,M Morkel,JH Kallis,Q de Kock,R McLaren,HM Amla,0,India,Kingsmead,0,2013
Birmingham,2,England,0,B Kumar,,,V Kohli,S Dhawan,R Ashwin,RA Jadeja,DS Kulkarni,SK Raina,Mohammed Shami,AM Rahane,9,AD Hales,CR Woakes,JE Root,JC Buttler,GS Ballance,ST Finn,EJG Morgan,MM Ali,JM Anderson,HF Gurney,AN Cook,0,India,Edgbaston,1,2014
London,8,England,1,PP Chawla,Yuvraj Singh,SR Tendulkar,RP Singh,RR Powar,MS Dhoni,R Dravid,G Gambhir,Z Khan,RV Uthappa,SC Ganguly,9,SCJ Broad,KP Pietersen,,MJ Prior,LJ Wright,IR Bell,A Flintoff,PD Collingwood,JM Anderson,MS Panesar,AD Mascarenhas,0,India,Lord's,0,2007
Port Elizabeth,21,South Africa,0,MS Dhoni,Yuvraj Singh,YK Pathan,A Nehra,Z Khan,V Kohli,RG Sharma,Harbhajan Singh,PA Patel,MM Patel,SK Raina,1,DW Steyn,GC Smith,F du Plessis,JP Duminy,AB de Villiers,RJ Peterson,LL Tsotsobe,M Morkel,J Botha,HM Amla,MN van Wyk,0,India,St George's Park,0,2011
Hyderabad,5,India,1,P Kumar,Yuvraj Singh,SR Tendulkar,MS Dhoni,V Sehwag,A Nehra,G Gambhir,Harbhajan Singh,RA Jadeja,MM Patel,SK Raina,11,RT Ponting,MEK Hussey,,CJ McKay,AC Voges,SR Watson,DE Bollinger,SE Marsh,BW Hilfenhaus,NM Hauritz,CL White,0,Australia,"Rajiv Gandhi International Stadium, Uppal",1,2009
Johannesburg,5,South Africa,0,B Kumar,Yuvraj Singh,Mohammed Shami,MS Dhoni,V Kohli,MM Sharma,RG Sharma,S Dhawan,R Ashwin,RA Jadeja,SK Raina,12,DW Steyn,HM Amla,DA Miller,JP Duminy,AB de Villiers,LL Tsotsobe,M Morkel,JH Kallis,Q de Kock,R McLaren,WD Parnell,0,India,New Wanderers Stadium,0,2013
Colombo,29,Sri Lanka,0,RP Singh,SK Raina,Yuvraj Singh,PP Ojha,MS Dhoni,V Kohli,Z Khan,G Gambhir,RG Sharma,MM Patel,IK Pathan,8,KMDN Kulasekara,BAW Mendis,DPMD Jayawardene,T Thushara,ST Jayasuriya,KC Sangakkara,CK Kapugedera,J Mubarak,ML Udawatte,CRD Fernando,SM Warnapura,0,India,R Premadasa Stadium,0,2008
Rajkot,15,India,0,P Kumar,SK Raina,SR Tendulkar,MS Dhoni,V Sehwag,V Kohli,G Gambhir,A Nehra,Z Khan,Harbhajan Singh,RA Jadeja,12,TT Samaraweera,AD Mathews,DPMD Jayawardene,SHT Kandamby,KMDN Kulasekara,TM Dilshan,UWMBCA Welegedara,ST Jayasuriya,WU Tharanga,KC Sangakkara,CRD Fernando,0,Sri Lanka,Madhavrao Scindia Cricket Ground,0,2009
Karachi,26,Pakistan,0,PP Chawla,Yuvraj Singh,SK Raina,RP Singh,P Kumar,MS Dhoni,I Sharma,V Sehwag,G Gambhir,RG Sharma,YK Pathan,6,Fawad Alam,Misbah-ul-Haq,,Salman Butt,Sohail Tanvir,Younis Khan,Iftikhar Anjum,Umar Gul,Shoaib Malik,Shahid Afridi,Mohammad Yousuf,0,India,National Stadium,1,2008
Hyderabad,14,India,0,P Kumar,R Vinay Kumar,AM Rahane,MS Dhoni,V Kohli,G Gambhir,RA Jadeja,PA Patel,R Ashwin,UT Yadav,SK Raina,10,GP Swann,KP Pietersen,SR Patel,C Kieswetter,JW Dernbach,TT Bresnan,IJL Trott,JM Bairstow,ST Finn,RS Bopara,AN Cook,0,England,"Rajiv Gandhi International Stadium, Uppal",0,2011
Perth,12,Australia,1,B Kumar,,,MS Dhoni,V Kohli,BB Sran,RG Sharma,S Dhawan,RA Jadeja,UT Yadav,R Ashwin,1,GJ Maxwell,SM Boland,,JP Faulkner,DA Warner,SPD Smith,MR Marsh,GJ Bailey,AJ Finch,JR Hazlewood,JS Paris,0,India,Western Australia Cricket Association Ground,0,2016
Perth,28,India,1,B Kumar,,,V Kohli,MM Sharma,RG Sharma,S Dhawan,R Ashwin,UT Yadav,RA Jadeja,,2,Khurram Khan,Amjad Javed,Amjad Ali,AR Berenger,Mohammad Tauqir,AM Guruge,Mohammad Naveed,Shaiman Anwar,Krishna Chandran,SP Patil,Rohan Mustafa,0,United Arab Emirates,Western Australia Cricket Association Ground,0,2015
Chandigarh,20,India,1,P Kumar,R Vinay Kumar,AM Rahane,MS Dhoni,V Kohli,G Gambhir,R Ashwin,RA Jadeja,UT Yadav,PA Patel,SK Raina,10,GP Swann,SR Patel,,IJL Trott,C Kieswetter,TT Bresnan,JW Dernbach,ST Finn,RS Bopara,AN Cook,KP Pietersen,0,England,"Punjab Cricket Association Stadium, Mohali",0,2011
Colombo,3,Sri Lanka,1,P Kumar,SR Tendulkar,YK Pathan,MS Dhoni,PP Ojha,V Sehwag,I Sharma,G Gambhir,Z Khan,SK Raina,Yuvraj Singh,2,KMDN Kulasekara,MF Maharoof,DPMD Jayawardene,SHT Kandamby,TM Dilshan,ST Jayasuriya,M Muralitharan,KC Sangakkara,CK Kapugedera,CRD Fernando,BAW Mendis,0,India,R Premadasa Stadium,1,2009
Cuttack,26,India,1,MS Dhoni,SR Tendulkar,,V Sehwag,I Sharma,Z Khan,RG Sharma,Harbhajan Singh,IK Pathan,SK Raina,Yuvraj Singh,11,OA Shah,SJ Harmison,,SCJ Broad,GP Swann,SR Patel,RS Bopara,A Flintoff,PD Collingwood,AN Cook,KP Pietersen,0,England,Barabati Stadium,0,2008
Indore,8,India,0,R Sharma,SK Raina,R Vinay Kumar,V Sehwag,V Kohli,G Gambhir,RG Sharma,RA Jadeja,PA Patel,R Ashwin,A Mithun,12,R Rampaul,DJG Sammy,DP Hyatt,KOA Powell,MN Samuels,D Ramdin,SP Narine,LMP Simmons,KAJ Roach,AD Russell,KA Pollard,0,West Indies,Holkar Cricket Stadium,0,2011
Kuala Lumpur,22,Australia,0,AB Agarkar,SK Raina,SR Tendulkar,RP Singh,D Mongia,MS Dhoni,V Sehwag,R Dravid,Harbhajan Singh,M Kaif,MM Patel,9,RT Ponting,MEK Hussey,GB Hogg,BJ Haddin,ML Hayden,DR Martyn,B Lee,A Symonds,SM Katich,GD McGrath,SR Clark,0,India,Kinrara Academy Oval,0,2006
Mirpur,12,Bangladesh,0,PP Chawla,SK Raina,,RP Singh,P Kumar,V Sehwag,G Gambhir,RG Sharma,IK Pathan,YK Pathan,Yuvraj Singh,6,Mashrafe Mortaza,Dolar Mahmud,Shahriar Nafees,Mohammad Ashraful,Tamim Iqbal,Mushfiqur Rahim,Mahmudullah,Abdur Razzak,Alok Kapali,Raqibul Hasan,Farhad Reza,0,India,Shere Bangla National Stadium,1,2008
Visakhapatnam,24,India,0,B Kumar,Yuvraj Singh,Mohammed Shami,MS Dhoni,V Kohli,MM Sharma,RG Sharma,S Dhawan,RA Jadeja,R Ashwin,SK Raina,11,R Rampaul,DJG Sammy,V Permaul,KOA Powell,DM Bravo,SP Narine,LMP Simmons,JO Holder,DJ Bravo,J Charles,MN Samuels,0,West Indies,Dr. Y.S. Rajasekhara Reddy ACA-VDCA Cricket Stadium,1,2013
Centurion,3,South Africa,1,VVS Laxman,SR Tendulkar,S Sreesanth,MS Dhoni,D Mongia,V Sehwag,Z Khan,KD Karthik,Harbhajan Singh,A Kumble,IK Pathan,12,AB de Villiers,,,RJ Peterson,M Ntini,SM Pollock,A Nel,JM Kemp,GC Smith,JH Kallis,,0,India,SuperSport Park,0,2006
Ahmedabad,5,India,1,V Sehwag,SK Raina,R Vinay Kumar,V Kohli,G Gambhir,RG Sharma,R Ashwin,UT Yadav,RA Jadeja,A Mithun,PA Patel,12,R Rampaul,DJG Sammy,DP Hyatt,DM Bravo,MN Samuels,D Ramdin,SP Narine,LMP Simmons,KAJ Roach,AD Russell,KA Pollard,0,West Indies,"Sardar Patel Stadium, Motera",1,2011
Auckland,25,New Zealand,0,B Kumar,Mohammed Shami,AM Rahane,VR Aaron,MS Dhoni,V Kohli,RG Sharma,S Dhawan,R Ashwin,RA Jadeja,SK Raina,1,NL McCullum,BB McCullum,TG Southee,JD Ryder,MJ McClenaghan,CJ Anderson,HK Bennett,LRPL Taylor,KS Williamson,L Ronchi,MJ Guptill,1,India,Eden Park,0,2014
Kochi,8,India,1,B Kumar,Mohammed Shami,AM Rahane,A Mishra,AT Rayudu,MS Dhoni,V Kohli,MM Sharma,S Dhawan,RA Jadeja,SK Raina,10,R Rampaul,DJG Sammy,JE Taylor,DM Bravo,MN Samuels,SJ Benn,D Ramdin,DR Smith,AD Russell,DJ Bravo,KA Pollard,0,West Indies,Nehru Stadium,1,2014
Mirpur,12,Bangladesh,1,PP Chawla,MM Patel,Yuvraj Singh,RR Powar,D Mongia,MS Dhoni,R Dravid,V Sehwag,G Gambhir,Z Khan,KD Karthik,5,Mashrafe Mortaza,Habibul Bashar,Shakib Al Hasan,Mohammad Ashraful,Tamim Iqbal,Mushfiqur Rahim,Syed Rasel,Mohammad Rafique,Javed Omar,Abdur Razzak,Aftab Ahmed,0,India,Shere Bangla National Stadium,1,2007
Karachi,3,India,1,RP Singh,SK Raina,Yuvraj Singh,P Kumar,PP Ojha,MS Dhoni,V Sehwag,I Sharma,G Gambhir,RG Sharma,IK Pathan,7,KMDN Kulasekara,CRD Fernando,DPMD Jayawardene,LPC Silva,TM Dilshan,T Thushara,ST Jayasuriya,KC Sangakkara,CK Kapugedera,K Weeraratne,M Muralitharan,0,Sri Lanka,National Stadium,0,2008
Kanpur,11,India,0,RP Singh,Yuvraj Singh,SR Tendulkar,MS Dhoni,G Gambhir,Z Khan,RV Uthappa,M Kartik,SC Ganguly,Harbhajan Singh,IK Pathan,11,Salman Butt,Misbah-ul-Haq,Abdur Rehman,Sohail Tanvir,Kamran Akmal,Shoaib Akhtar,Younis Khan,Umar Gul,Shoaib Malik,Shahid Afridi,Mohammad Yousuf,0,Pakistan,Green Park,0,2007
Perth,6,India,1,MS Dhoni,Mohammed Shami,AM Rahane,V Kohli,MM Sharma,RG Sharma,S Dhawan,R Ashwin,RA Jadeja,UT Yadav,SK Raina,3,JL Carter,DJG Sammy,JE Taylor,CH Gayle,D Ramdin,LMP Simmons,JO Holder,DR Smith,KAJ Roach,AD Russell,MN Samuels,0,West Indies,Western Australia Cricket Association Ground,0,2015
Johannesburg,15,South Africa,1,MS Dhoni,SR Tendulkar,M Vijay,V Kohli,Z Khan,A Nehra,RG Sharma,Harbhajan Singh,MM Patel,SK Raina,Yuvraj Singh,1,DW Steyn,GC Smith,DA Miller,JP Duminy,LL Tsotsobe,M Morkel,AB de Villiers,J Botha,CA Ingram,WD Parnell,HM Amla,0,India,New Wanderers Stadium,1,2011
Jaipur,18,India,1,SR Tendulkar,Yuvraj Singh,S Sreesanth,P Kumar,MS Dhoni,V Sehwag,G Gambhir,M Kartik,RV Uthappa,RG Sharma,IK Pathan,11,Fawad Alam,Misbah-ul-Haq,,Salman Butt,Sohail Tanvir,Iftikhar Anjum,Umar Gul,Imran Nazir,Shoaib Malik,Yasir Hameed,Mohammad Yousuf,0,Pakistan,Sawai Mansingh Stadium,1,2007
Belfast,23,Ireland,0,AB Agarkar,,,PP Chawla,RP Singh,SR Tendulkar,G Gambhir,SC Ganguly,S Sreesanth,,,6,WTS Porterfield,GC Wilson,RK Whelan,DI Joyce,AR White,KED Carroll,DT Johnston,WK McCallan,MJ Fourie,NJ O'Brien,KJ O'Brien,0,India,"Civil Service Cricket Club, Stormont",1,2007
Ahmedabad,24,India,1,MS Dhoni,Yuvraj Singh,SR Tendulkar,V Sehwag,V Kohli,Z Khan,G Gambhir,Harbhajan Singh,R Ashwin,MM Patel,SK Raina,3,RT Ponting,MEK Hussey,JJ Krejza,MJ Clarke,BJ Haddin,B Lee,SR Watson,SW Tait,DJ Hussey,MG Johnson,CL White,0,Australia,"Sardar Patel Stadium, Motera",0,2011
Birmingham,23,England,1,B Kumar,UT Yadav,SK Raina,MS Dhoni,I Sharma,V Kohli,RG Sharma,KD Karthik,S Dhawan,RA Jadeja,R Ashwin,6,SCJ Broad,AN Cook,JE Root,JC Buttler,IJL Trott,TT Bresnan,JC Tredwell,IR Bell,RS Bopara,EJG Morgan,JM Anderson,0,India,Edgbaston,1,2013
Mumbai,2,India,1,SR Tendulkar,S Sreesanth,,MS Dhoni,V Sehwag,V Kohli,Z Khan,G Gambhir,Harbhajan Singh,MM Patel,Yuvraj Singh,4,S Randiv,NLTC Perera,DPMD Jayawardene,TT Samaraweera,KMDN Kulasekara,TM Dilshan,SL Malinga,WU Tharanga,KC Sangakkara,CK Kapugedera,M Muralitharan,0,Sri Lanka,Wankhede Stadium,0,2011
Kuala Lumpur,20,India,0,AB Agarkar,SR Tendulkar,S Sreesanth,RP Singh,MS Dhoni,V Sehwag,R Dravid,Harbhajan Singh,MM Patel,SK Raina,Yuvraj Singh,9,RR Sarwan,MN Samuels,S Chanderpaul,CH Gayle,BC Lara,CD Collymore,RS Morton,DR Smith,WW Hinds,CS Baugh,DJ Bravo,0,West Indies,Kinrara Academy Oval,0,2006
Cardiff,27,England,1,B Kumar,Mohammed Shami,AM Rahane,MS Dhoni,V Kohli,MM Sharma,RG Sharma,S Dhawan,RA Jadeja,R Ashwin,SK Raina,8,AD Hales,CR Woakes,JE Root,JC Buttler,CJ Jordan,JC Tredwell,IR Bell,EJG Morgan,JM Anderson,AN Cook,BA Stokes,0,India,Sophia Gardens,1,2014
Dharmasala,17,India,0,AT Rayudu,Mohammed Shami,AM Rahane,B Kumar,MS Dhoni,V Kohli,AR Patel,S Dhawan,RA Jadeja,UT Yadav,SK Raina,10,DM Bravo,DJG Sammy,JE Taylor,SJ Benn,D Ramdin,JO Holder,DR Smith,AD Russell,DJ Bravo,MN Samuels,KA Pollard,0,West Indies,Himachal Pradesh Cricket Association Stadium,0,2014
Dharamsala,27,India,0,B Kumar,Yuvraj Singh,Shami Ahmed,MS Dhoni,I Sharma,V Kohli,G Gambhir,RG Sharma,RA Jadeja,R Ashwin,SK Raina,1,TT Bresnan,SR Patel,,JC Tredwell,IR Bell,ST Finn,EJG Morgan,AN Cook,KP Pietersen,CR Woakes,JE Root,0,England,Himachal Pradesh Cricket Association Stadium,1,2013
Guwahati,28,India,0,V Kohli,S Sreesanth,M Vijay,G Gambhir,A Nehra,Yuvraj Singh,WP Saha,R Ashwin,MM Patel,SK Raina,YK Pathan,11,NL McCullum,JM How,GD Elliott,AJ McKay,DR Tuffey,LRPL Taylor,KS Williamson,KD Mills,MJ Guptill,SB Styris,GJ Hopkins,0,New Zealand,Nehru Stadium,0,2010
Pune,13,India,1,B Kumar,Yuvraj Singh,R Vinay Kumar,MS Dhoni,I Sharma,V Kohli,RG Sharma,S Dhawan,R Ashwin,RA Jadeja,SK Raina,10,GJ Maxwell,SR Watson,MG Johnson,JP Faulkner,CJ McKay,GJ Bailey,AJ Finch,BJ Haddin,XJ Doherty,AC Voges,PJ Hughes,0,Australia,Maharashtra Cricket Association Stadium,1,2013
Jaipur,1,India,1,A Nehra,M Vijay,,G Gambhir,V Kohli,R Ashwin,MM Patel,YK Pathan,Yuvraj Singh,S Sreesanth,SK Raina,12,NL McCullum,JM How,TG Southee,AJ McKay,LRPL Taylor,KS Williamson,KD Mills,MJ Guptill,SB Styris,GJ Hopkins,DL Vettori,0,New Zealand,Sawai Mansingh Stadium,0,2010
Ahmedabad,26,India,0,AB Agarkar,Yuvraj Singh,SR Tendulkar,RP Singh,MS Dhoni,R Dravid,V Sehwag,Harbhajan Singh,MM Patel,IK Pathan,SK Raina,10,RR Sarwan,JE Taylor,S Chanderpaul,CH Gayle,BC Lara,RS Morton,DR Smith,CS Baugh,DJ Bravo,MN Samuels,IDR Bradshaw,0,West Indies,"Sardar Patel Stadium, Motera",1,2006
Jamaica,28,West Indies,1,RP Singh,YK Pathan,Yuvraj Singh,P Kumar,MS Dhoni,A Nehra,G Gambhir,RG Sharma,KD Karthik,Harbhajan Singh,RA Jadeja,6,R Rampaul,,,SJ Benn,CH Gayle,DE Bernard,RS Morton,DJ Bravo,RR Sarwan,JE Taylor,S Chanderpaul,0,India,"Sabina Park, Kingston",0,2009
Leeds,2,England,1,AB Agarkar,Yuvraj Singh,SR Tendulkar,PP Chawla,RR Powar,MS Dhoni,R Dravid,G Gambhir,Z Khan,KD Karthik,SC Ganguly,9,J Lewis,AN Cook,KP Pietersen,SCJ Broad,OA Shah,MJ Prior,IR Bell,RS Bopara,PD Collingwood,JM Anderson,MS Panesar,0,India,Headingley,1,2007
Nottingham,30,England,0,B Kumar,AM Rahane,,AT Rayudu,V Kohli,MM Sharma,S Dhawan,R Ashwin,RA Jadeja,SK Raina,Mohammed Shami,8,AD Hales,CR Woakes,JE Root,JC Buttler,JC Tredwell,IR Bell,ST Finn,EJG Morgan,JM Anderson,AN Cook,BA Stokes,0,India,Trent Bridge,1,2014
Hambantota,21,Sri Lanka,1,PP Ojha,IK Pathan,SK Raina,MS Dhoni,V Sehwag,V Kohli,G Gambhir,Z Khan,RG Sharma,R Ashwin,UT Yadav,7,HMRKB Herath,LD Chandimal,DPMD Jayawardene,KMDN Kulasekara,TM Dilshan,HDRL Thirimanne,SL Malinga,WU Tharanga,KC Sangakkara,NLTC Perera,AD Mathews,0,India,"Mahinda Rajapaksa International Cricket Stadium, Sooriyawewa",1,2012
Delhi,9,India,1,PP Chawla,Yuvraj Singh,SR Tendulkar,MS Dhoni,V Sehwag,A Nehra,Z Khan,G Gambhir,V Kohli,Harbhajan Singh,YK Pathan,3,W Barresi,PW Borren,ES Szwarczynski,Mudassar Bukhari,TN de Grooth,TLW Cooper,BP Kruger,AN Kervezee,RN ten Doeschate,PM Seelaar,B Zuiderent,0,Netherlands,Feroz Shah Kotla,0,2011
Visakhapatnam,20,India,1,P Kumar,R Vinay Kumar,M Vijay,MS Dhoni,A Nehra,V Kohli,S Dhawan,SS Tiwary,R Ashwin,SK Raina,Yuvraj Singh,10,CJ McKay,CL White,MEK Hussey,MJ Clarke,SPD Smith,MA Starc,JW Hastings,TD Paine,SE Marsh,JR Hopes,NM Hauritz,0,Australia,Dr. Y.S. Rajasekhara Reddy ACA-VDCA Cricket Stadium,0,2010
Trinidad,9,India,0,B Kumar,SK Raina,,I Sharma,V Kohli,RG Sharma,KD Karthik,S Dhawan,UT Yadav,RA Jadeja,R Ashwin,7,LHD Dilhara,LD Chandimal,DPMD Jayawardene,RMS Eranga,HMRKB Herath,HDRL Thirimanne,BMAJ Mendis,SL Malinga,WU Tharanga,KC Sangakkara,AD Mathews,0,Sri Lanka,"Queen's Park Oval, Port of Spain",0,2013
Mirpur,5,Afghanistan,0,B Kumar,,,A Mishra,RG Sharma,KD Karthik,S Dhawan,R Ashwin,RA Jadeja,Mohammed Shami,AM Rahane,3,Nawroz Mangal,Najibullah Zadran,Asghar Stanikzai,Dawlat Zadran,Samiullah Shenwari,Mohammad Nabi,Rahmat Shah,Noor Ali Zadran,Shapoor Zadran,Mirwais Ashraf,Mohammad Shahzad,0,India,Shere Bangla National Stadium,1,2014
St Lucia,3,West Indies,0,RP Singh,Yuvraj Singh,,MS Dhoni,I Sharma,A Nehra,G Gambhir,RG Sharma,KD Karthik,Harbhajan Singh,YK Pathan,7,R Rampaul,JE Taylor,S Chanderpaul,DM Bravo,SJ Benn,CH Gayle,D Ramdin,RS Morton,DE Bernard,DJ Bravo,RR Sarwan,0,India,"Beausejour Stadium, Gros Islet",1,2009
Trinidad,5,West Indies,1,B Kumar,SK Raina,M Vijay,I Sharma,V Kohli,RG Sharma,KD Karthik,S Dhawan,RA Jadeja,R Ashwin,UT Yadav,7,DM Bravo,KA Pollard,DJG Sammy,CH Gayle,D Ramdin,SP Narine,TL Best,KAJ Roach,DJ Bravo,J Charles,MN Samuels,0,India,"Queen's Park Oval, Port of Spain",1,2013
Cardiff,6,India,0,B Kumar,UT Yadav,SK Raina,MS Dhoni,I Sharma,V Kohli,RG Sharma,KD Karthik,S Dhawan,RA Jadeja,R Ashwin,6,JP Duminy,F du Plessis,DA Miller,RJ Peterson,M Morkel,RK Kleinveldt,LL Tsotsobe,AB de Villiers,CA Ingram,R McLaren,HM Amla,0,South Africa,Sophia Gardens,0,2013
Durban,12,South Africa,0,MS Dhoni,SR Tendulkar,M Vijay,A Nehra,Z Khan,V Kohli,RG Sharma,Harbhajan Singh,MM Patel,SK Raina,Yuvraj Singh,1,DW Steyn,GC Smith,DA Miller,AB de Villiers,JP Duminy,M Morkel,LL Tsotsobe,J Botha,CA Ingram,WD Parnell,HM Amla,0,India,Kingsmead,0,2011
Chandigarh,8,India,0,RP Singh,Yuvraj Singh,SR Tendulkar,MS Dhoni,R Dravid,Z Khan,RV Uthappa,M Kartik,SC Ganguly,Harbhajan Singh,IK Pathan,10,RT Ponting,MG Johnson,GB Hogg,BJ Hodge,MJ Clarke,ML Hayden,B Lee,NW Bracken,A Symonds,AC Gilchrist,JR Hopes,0,Australia,Sector 16 Stadium,0,2007
Guwahati,5,India,1,RP Singh,Yuvraj Singh,SR Tendulkar,MS Dhoni,Z Khan,G Gambhir,M Kartik,RV Uthappa,SC Ganguly,Harbhajan Singh,IK Pathan,11,Salman Butt,Misbah-ul-Haq,Abdur Rehman,Kamran Akmal,Younis Khan,Shoaib Akhtar,Iftikhar Anjum,Umar Gul,Shoaib Malik,Shahid Afridi,Mohammad Yousuf,0,Pakistan,Nehru Stadium,0,2007
Brisbane,4,Australia,1,PP Chawla,SR Tendulkar,S Sreesanth,P Kumar,MS Dhoni,G Gambhir,RG Sharma,RV Uthappa,Harbhajan Singh,IK Pathan,Yuvraj Singh,3,RT Ponting,MG Johnson,MEK Hussey,MJ Clarke,ML Hayden,B Lee,NW Bracken,A Symonds,SR Clark,AC Gilchrist,JR Hopes,0,India,"Brisbane Cricket Ground, Woolloongabba",1,2008
Chennai,11,India,0,R Sharma,IK Pathan,AM Rahane,V Kohli,G Gambhir,RG Sharma,A Mithun,PA Patel,RA Jadeja,MK Tiwary,SK Raina,12,KOA Powell,A Martin,DJG Sammy,KA Pollard,D Ramdin,SP Narine,LMP Simmons,KAJ Roach,AD Russell,JN Mohammed,MN Samuels,0,West Indies,"MA Chidambaram Stadium, Chepauk",0,2011
Ahmedabad,6,India,1,AT Rayudu,AM Rahane,,I Sharma,V Kohli,AR Patel,S Dhawan,R Ashwin,UT Yadav,RA Jadeja,SK Raina,11,MDKJ Perera,SMA Priyanjan,S Prasanna,S Randiv,TM Dilshan,DPMD Jayawardene,KTGD Prasad,PLS Gamage,KC Sangakkara,NLTC Perera,AD Mathews,0,Sri Lanka,"Sardar Patel Stadium, Motera",0,2014
Colombo,11,India,1,SR Tendulkar,Yuvraj Singh,YK Pathan,RP Singh,MS Dhoni,I Sharma,A Nehra,R Dravid,KD Karthik,Harbhajan Singh,SK Raina,9,JD Ryder,GD Elliott,BB McCullum,SE Bond,JDP Oram,NT Broom,LRPL Taylor,KD Mills,MJ Guptill,IG Butler,DL Vettori,0,New Zealand,R Premadasa Stadium,0,2009
Delhi,17,India,1,P Kumar,,,V Kohli,G Gambhir,R Ashwin,RA Jadeja,UT Yadav,PA Patel,R Vinay Kumar,AM Rahane,10,GP Swann,KP Pietersen,SR Patel,IJL Trott,C Kieswetter,JM Bairstow,TT Bresnan,JW Dernbach,ST Finn,RS Bopara,AN Cook,0,England,Feroz Shah Kotla,0,2011
Port Elizabeth,29,South Africa,0,AB Agarkar,S Sreesanth,W Jaffer,SR Tendulkar,MS Dhoni,V Sehwag,Z Khan,KD Karthik,M Kaif,A Kumble,IK Pathan,11,AB de Villiers,GC Smith,JH Kallis,LE Bosman,AJ Hall,MV Boucher,HH Gibbs,M Ntini,SM Pollock,A Nel,JM Kemp,0,India,St George's Park,0,2006
Centurion,26,India,1,RP Singh,SK Raina,SR Tendulkar,MS Dhoni,I Sharma,A Nehra,V Kohli,G Gambhir,R Dravid,Harbhajan Singh,YK Pathan,9,Saeed Ajmal,Shahid Afridi,Mohammad Yousuf,Kamran Akmal,Younis Khan,Umar Gul,Naved-ul-Hasan,Umar Akmal,Mohammad Amir,Imran Nazir,Shoaib Malik,0,Pakistan,SuperSport Park,1,2009
Wellington,6,New Zealand,1,MS Dhoni,,,V Sehwag,G Gambhir,SK Raina,Yuvraj Singh,SR Tendulkar,,,,3,JD Ryder,,,IE O'Brien,KD Mills,IG Butler,DL Vettori,JDP Oram,,,,2,India,Westpac Stadium,0,2009
Jamaica,26,West Indies,1,RP Singh,YK Pathan,Yuvraj Singh,MS Dhoni,I Sharma,A Nehra,G Gambhir,RG Sharma,KD Karthik,Harbhajan Singh,RA Jadeja,6,DM Bravo,JE Taylor,S Chanderpaul,SJ Benn,CH Gayle,D Ramdin,DE Bernard,RS Morton,DJ Bravo,RR Sarwan,LS Baker,0,India,"Sabina Park, Kingston",1,2009
Perth,30,England,1,AT Rayudu,STR Binny,AM Rahane,MS Dhoni,V Kohli,MM Sharma,AR Patel,S Dhawan,RA Jadeja,SK Raina,Mohammed Shami,1,SCJ Broad,CR Woakes,JE Root,JC Buttler,IR Bell,ST Finn,RS Bopara,MM Ali,JM Anderson,JWA Taylor,EJG Morgan,0,India,Western Australia Cricket Association Ground,0,2015
Jaipur,16,India,1,B Kumar,,,I Sharma,V Kohli,RG Sharma,S Dhawan,R Ashwin,RA Jadeja,Yuvraj Singh,R Vinay Kumar,10,GJ Maxwell,SR Watson,MG Johnson,JP Faulkner,CJ McKay,GJ Bailey,AJ Finch,BJ Haddin,XJ Doherty,AC Voges,PJ Hughes,0,Australia,Sawai Mansingh Stadium,0,2013
Chandigarh,23,India,1,B Kumar,Yuvraj Singh,Shami Ahmed,MS Dhoni,I Sharma,V Kohli,G Gambhir,RG Sharma,R Ashwin,RA Jadeja,SK Raina,1,JC Buttler,KP Pietersen,JE Root,JW Dernbach,TT Bresnan,SR Patel,IR Bell,JC Tredwell,ST Finn,EJG Morgan,AN Cook,0,England,"Punjab Cricket Association Stadium, Mohali",0,2013
Glasgow,16,Scotland,0,AB Agarkar,Yuvraj Singh,,PP Chawla,RP Singh,RR Powar,R Dravid,G Gambhir,RV Uthappa,KD Karthik,MM Patel,8,NFI McCallum,CM Wright,GM Hamilton,CJO Smith,NS Poonia,RR Watson,DF Watts,JD Nel,PJC Hoffmann,RM Haq,JAR Blain,0,India,Titwood,1,2007
Ahmedabad,27,India,1,MS Dhoni,S Tyagi,M Vijay,V Kohli,RG Sharma,KD Karthik,A Mithun,RA Jadeja,YK Pathan,SK Raina,S Sreesanth,2,DW Steyn,,,AB de Villiers,LL Tsotsobe,M Morkel,LE Bosman,J Botha,HM Amla,RE van der Merwe,JH Kallis,0,South Africa,"Sardar Patel Stadium, Motera",1,2010
Hyderabad,5,India,1,SR Tendulkar,Yuvraj Singh,S Sreesanth,MS Dhoni,R Dravid,Z Khan,G Gambhir,RV Uthappa,RG Sharma,Harbhajan Singh,IK Pathan,10,RT Ponting,MG Johnson,GB Hogg,BJ Hodge,MJ Clarke,ML Hayden,B Lee,A Symonds,AC Gilchrist,SR Clark,JR Hopes,0,Australia,"Rajiv Gandhi International Stadium, Uppal",1,2007
Indore,14,India,0,B Kumar,SK Raina,AM Rahane,MS Dhoni,V Kohli,MM Sharma,AR Patel,RG Sharma,S Dhawan,Harbhajan Singh,UT Yadav,10,DW Steyn,Imran Tahir,DA Miller,JP Duminy,M Morkel,K Rabada,AB de Villiers,F Behardien,Q de Kock,HM Amla,F du Plessis,0,South Africa,Holkar Cricket Stadium,0,2015
Mirpur,13,India,0,P Kumar,SR Tendulkar,R Vinay Kumar,MS Dhoni,V Kohli,G Gambhir,RG Sharma,RA Jadeja,R Ashwin,IK Pathan,SK Raina,3,RAS Lakmal,MF Maharoof,S Prasanna,KMDN Kulasekara,TM Dilshan,DPMD Jayawardene,HDRL Thirimanne,WU Tharanga,KC Sangakkara,CK Kapugedera,LD Chandimal,0,Sri Lanka,Shere Bangla National Stadium,0,2012
Indore,17,India,0,RP Singh,Yuvraj Singh,YK Pathan,MS Dhoni,V Sehwag,G Gambhir,Z Khan,RG Sharma,Harbhajan Singh,MM Patel,SK Raina,11,OA Shah,KP Pietersen,SR Patel,SCJ Broad,MJ Prior,IR Bell,SJ Harmison,RS Bopara,A Flintoff,PD Collingwood,JM Anderson,0,England,Maharani Usharaje Trust Cricket Ground,0,2008
Centurion,23,South Africa,0,PP Chawla,Yuvraj Singh,SK Raina,MS Dhoni,V Kohli,Z Khan,RG Sharma,Harbhajan Singh,PA Patel,MM Patel,YK Pathan,1,DW Steyn,GC Smith,F du Plessis,JP Duminy,AB de Villiers,RJ Peterson,M Morkel,LL Tsotsobe,J Botha,HM Amla,MN van Wyk,0,India,SuperSport Park,0,2011
Chandigarh,19,India,0,B Kumar,Yuvraj Singh,R Vinay Kumar,MS Dhoni,I Sharma,V Kohli,RG Sharma,S Dhawan,RA Jadeja,R Ashwin,SK Raina,10,GJ Maxwell,PJ Hughes,MG Johnson,JP Faulkner,CJ McKay,XJ Doherty,AJ Finch,GJ Bailey,BJ Haddin,AC Voges,SR Watson,0,Australia,"Punjab Cricket Association Stadium, Mohali",1,2013
Cape Town,18,South Africa,0,MS Dhoni,SK Raina,M Vijay,A Nehra,Z Khan,V Kohli,RG Sharma,Harbhajan Singh,MM Patel,YK Pathan,Yuvraj Singh,1,DW Steyn,GC Smith,F du Plessis,AB de Villiers,JP Duminy,M Morkel,LL Tsotsobe,J Botha,CA Ingram,WD Parnell,HM Amla,0,India,Newlands,1,2011
Antigua,11,West Indies,0,A Mishra,YK Pathan,SK Raina,P Kumar,V Kohli,S Badrinath,RG Sharma,S Dhawan,Harbhajan Singh,PA Patel,MM Patel,6,MN Samuels,DJG Sammy,DP Hyatt,RR Sarwan,LMP Simmons,KAJ Roach,KA Edwards,CS Baugh,AD Russell,D Bishoo,KA Pollard,0,India,"Sir Vivian Richards Stadium, North Sound",1,2011
Hobart,28,India,1,P Kumar,SR Tendulkar,,V Sehwag,V Kohli,Z Khan,G Gambhir,R Ashwin,RA Jadeja,UT Yadav,SK Raina,2,HMRKB Herath,DPMD Jayawardene,,KMDN Kulasekara,TM Dilshan,SL Malinga,KC Sangakkara,NLTC Perera,AD Mathews,LD Chandimal,MF Maharoof,0,Sri Lanka,Bellerive Oval,0,2012
Gwalior,24,India,0,P Kumar,,,MS Dhoni,V Sehwag,A Nehra,KD Karthik,RA Jadeja,YK Pathan,SR Tendulkar,S Sreesanth,2,DW Steyn,RE van der Merwe,JH Kallis,JP Duminy,CK Langeveldt,AB de Villiers,HH Gibbs,MV Boucher,AN Petersen,WD Parnell,HM Amla,0,South Africa,Captain Roop Singh Stadium,0,2010
Chennai,27,India,0,AB Agarkar,SR Tendulkar,S Sreesanth,RR Powar,R Dravid,G Gambhir,RV Uthappa,KD Karthik,A Kumble,SK Raina,Yuvraj Singh,1,DS Smith,MN Samuels,JE Taylor,CH Gayle,D Ramdin,BC Lara,RS Morton,LMP Simmons,DBL Powell,DJ Bravo,RR Emrit,0,West Indies,"MA Chidambaram Stadium, Chepauk",1,2007
Chennai,10,India,1,P Kumar,,,A Nehra,G Gambhir,V Kohli,R Ashwin,PA Patel,MM Patel,YK Pathan,Yuvraj Singh,12,NL McCullum,BB McCullum,TG Southee,LRPL Taylor,KD Mills,MJ Guptill,SB Styris,JEC Franklin,DL Vettori,JM How,GD Elliott,0,New Zealand,"MA Chidambaram Stadium, Chepauk",0,2010
Fatullah,28,India,0,AT Rayudu,STR Binny,AM Rahane,B Kumar,V Kohli,RG Sharma,KD Karthik,S Dhawan,RA Jadeja,R Ashwin,Mohammed Shami,2,MDKJ Perera,LD Chandimal,DPMD Jayawardene,HDRL Thirimanne,SL Malinga,KC Sangakkara,NLTC Perera,SMSM Senanayake,AD Mathews,BAW Mendis,PC de Silva,0,Sri Lanka,Khan Shaheb Osman Ali Stadium,1,2014
Mirpur,11,Bangladesh,0,A Mishra,S Sreesanth,S Tyagi,MS Dhoni,A Nehra,G Gambhir,V Kohli,KD Karthik,RA Jadeja,SK Raina,Yuvraj Singh,1,Mohammad Ashraful,Raqibul Hasan,Shakib Al Hasan,Tamim Iqbal,Mushfiqur Rahim,Mahmudullah,Naeem Islam,Syed Rasel,Imrul Kayes,Abdur Razzak,Shafiul Islam,0,India,Shere Bangla National Stadium,1,2010
Auckland,14,New Zealand,1,P Kumar,Yuvraj Singh,YK Pathan,MS Dhoni,V Sehwag,I Sharma,G Gambhir,Z Khan,RG Sharma,Harbhajan Singh,SK Raina,3,JD Ryder,,,IE O'Brien,LRPL Taylor,KD Mills,MJ Guptill,DL Vettori,JDP Oram,BB McCullum,,0,India,Eden Park,0,2009
Mirpur,10,India,0,PP Chawla,Yuvraj Singh,SK Raina,P Kumar,MS Dhoni,V Sehwag,I Sharma,G Gambhir,RG Sharma,IK Pathan,YK Pathan,6,Salman Butt,Mohammad Yousuf,Misbah-ul-Haq,Sohail Tanvir,Kamran Akmal,Younis Khan,Iftikhar Anjum,Umar Gul,Wahab Riaz,Shoaib Malik,Shahid Afridi,0,Pakistan,Shere Bangla National Stadium,0,2008
Rajkot,18,India,1,B Kumar,SK Raina,AM Rahane,A Mishra,MS Dhoni,V Kohli,MM Sharma,AR Patel,RG Sharma,S Dhawan,Harbhajan Singh,10,DW Steyn,Imran Tahir,DA Miller,JP Duminy,AB de Villiers,K Rabada,M Morkel,F Behardien,Q de Kock,HM Amla,F du Plessis,0,South Africa,Saurashtra Cricket Association Stadium,1,2015
St Kitts,23,West Indies,1,AB Agarkar,SK Raina,S Sreesanth,RR Powar,MS Dhoni,R Dravid,V Sehwag,Y Venugopal Rao,Harbhajan Singh,M Kaif,IK Pathan,5,RR Sarwan,JE Taylor,S Chanderpaul,CH Gayle,BC Lara,RS Morton,FH Edwards,CS Baugh,DJ Bravo,MN Samuels,IDR Bradshaw,0,India,"Warner Park, Basseterre",0,2006
Bangalore,7,India,1,P Kumar,YK Pathan,Yuvraj Singh,A Nehra,Z Khan,G Gambhir,V Kohli,RG Sharma,SS Tiwary,R Ashwin,PA Patel,12,NL McCullum,BB McCullum,TG Southee,AJ McKay,LRPL Taylor,KD Mills,MJ Guptill,SB Styris,JEC Franklin,DL Vettori,JM How,0,New Zealand,M Chinnaswamy Stadium,0,2010
Hamilton,22,New Zealand,0,B Kumar,Mohammed Shami,AM Rahane,MS Dhoni,I Sharma,V Kohli,RG Sharma,S Dhawan,RA Jadeja,R Ashwin,SK Raina,1,NL McCullum,BB McCullum,TG Southee,JD Ryder,MJ McClenaghan,CJ Anderson,LRPL Taylor,KS Williamson,L Ronchi,KD Mills,MJ Guptill,0,India,Seddon Park,0,2014
Belfast,26,India,0,PP Chawla,Yuvraj Singh,SR Tendulkar,RP Singh,RR Powar,R Dravid,G Gambhir,Z Khan,RG Sharma,KD Karthik,SC Ganguly,6,AB de Villiers,MN van Wyk,JH Kallis,CK Langeveldt,JP Duminy,AJ Hall,HH Gibbs,MV Boucher,M Ntini,A Nel,VD Philander,0,South Africa,"Civil Service Cricket Club, Stormont",1,2007
Mumbai,23,India,1,P Kumar,R Vinay Kumar,AM Rahane,VR Aaron,MS Dhoni,V Kohli,G Gambhir,R Ashwin,RA Jadeja,PA Patel,SK Raina,10,SC Meaker,KP Pietersen,SR Patel,IJL Trott,C Kieswetter,JM Bairstow,TT Bresnan,ST Finn,RS Bopara,SG Borthwick,AN Cook,0,England,Wankhede Stadium,0,2011
Centurion,28,Australia,0,A Mishra,,,P Kumar,I Sharma,A Nehra,Harbhajan Singh,SK Raina,,,,9,RT Ponting,,,CJ Ferguson,SR Watson,TD Paine,CL White,MEK Hussey,,,,2,India,SuperSport Park,0,2009
Nagpur,28,India,0,P Kumar,Yuvraj Singh,SR Tendulkar,MS Dhoni,V Sehwag,A Nehra,G Gambhir,I Sharma,Harbhajan Singh,RA Jadeja,SK Raina,10,RT Ponting,CL White,MEK Hussey,PM Siddle,AC Voges,SR Watson,NM Hauritz,TD Paine,SE Marsh,BW Hilfenhaus,MG Johnson,0,Australia,"Vidarbha Cricket Association Stadium, Jamtha",0,2009
Cape Town,26,South Africa,0,AB Agarkar,IK Pathan,SR Tendulkar,MS Dhoni,V Sehwag,R Dravid,Z Khan,KD Karthik,Harbhajan Singh,M Kaif,A Kumble,11,AB de Villiers,GC Smith,JH Kallis,CK Langeveldt,LE Bosman,AJ Hall,MV Boucher,HH Gibbs,M Ntini,SM Pollock,JM Kemp,0,India,Newlands,0,2006
Rajkot,11,India,1,B Kumar,AB Dinda,AM Rahane,MS Dhoni,I Sharma,V Kohli,G Gambhir,R Ashwin,RA Jadeja,SK Raina,Yuvraj Singh,1,C Kieswetter,JE Root,SR Patel,JW Dernbach,TT Bresnan,JC Tredwell,IR Bell,ST Finn,EJG Morgan,AN Cook,KP Pietersen,0,England,Saurashtra Cricket Association Stadium,1,2013
Rajkot,14,India,0,RP Singh,Yuvraj Singh,SK Raina,MS Dhoni,V Sehwag,G Gambhir,Z Khan,RG Sharma,Harbhajan Singh,MM Patel,YK Pathan,11,OA Shah,KP Pietersen,SR Patel,SCJ Broad,MJ Prior,IR Bell,SJ Harmison,RS Bopara,A Flintoff,PD Collingwood,JM Anderson,0,England,Madhavrao Scindia Cricket Ground,0,2008
Colombo,27,Sri Lanka,1,P Kumar,SK Raina,Yuvraj Singh,MS Dhoni,V Kohli,G Gambhir,Z Khan,S Badrinath,RG Sharma,Harbhajan Singh,MM Patel,8,KMDN Kulasekara,BAW Mendis,DPMD Jayawardene,T Thushara,TM Dilshan,WPUJC Vaas,M Muralitharan,ST Jayasuriya,KC Sangakkara,CK Kapugedera,SM Warnapura,0,India,R Premadasa Stadium,1,2008
Mirpur,18,Bangladesh,0,B Kumar,SK Raina,AM Rahane,MS Dhoni,V Kohli,MM Sharma,RG Sharma,S Dhawan,R Ashwin,UT Yadav,RA Jadeja,6,Mashrafe Mortaza,Shakib Al Hasan,Litton Das,Soumya Sarkar,Tamim Iqbal,Mushfiqur Rahim,Sabbir Rahman,Rubel Hossain,Mustafizur Rahman,Taskin Ahmed,Nasir Hossain,0,India,Shere Bangla National Stadium,0,2015
Cuttack,2,India,0,AT Rayudu,SK Raina,AM Rahane,VR Aaron,I Sharma,V Kohli,AR Patel,WP Saha,S Dhawan,UT Yadav,R Ashwin,11,S Randiv,SMA Priyanjan,S Prasanna,TM Dilshan,DPMD Jayawardene,KTGD Prasad,PLS Gamage,WU Tharanga,KC Sangakkara,NLTC Perera,AD Mathews,0,Sri Lanka,Barabati Stadium,0,2014
Wellington,31,New Zealand,0,B Kumar,Mohammed Shami,AM Rahane,AT Rayudu,VR Aaron,MS Dhoni,V Kohli,RG Sharma,S Dhawan,R Ashwin,RA Jadeja,1,NL McCullum,MJ Henry,BB McCullum,JD Ryder,MJ McClenaghan,JDS Neesham,LRPL Taylor,KS Williamson,L Ronchi,KD Mills,MJ Guptill,0,India,Westpac Stadium,0,2014
Centurion,11,South Africa,0,I Sharma,,,V Kohli,UT Yadav,R Ashwin,RA Jadeja,SK Raina,Mohammed Shami,,,12,JP Duminy,DA Miller,,AB de Villiers,LL Tsotsobe,Q de Kock,R McLaren,WD Parnell,HM Amla,VD Philander,H Davids,2,India,SuperSport Park,0,2013
Brisbane,3,Australia,1,MS Dhoni,SR Tendulkar,S Sreesanth,V Sehwag,I Sharma,G Gambhir,RG Sharma,RV Uthappa,Harbhajan Singh,MK Tiwary,IK Pathan,2,RT Ponting,,,MJ Clarke,B Lee,NW Bracken,A Symonds,AC Gilchrist,JR Hopes,AA Noffke,MG Johnson,2,India,"Brisbane Cricket Ground, Woolloongabba",0,2008
Birmingham,15,India,1,B Kumar,,,I Sharma,V Kohli,RG Sharma,KD Karthik,S Dhawan,R Ashwin,UT Yadav,RA Jadeja,6,Saeed Ajmal,Misbah-ul-Haq,Umar Amin,Kamran Akmal,Nasir Jamshed,Asad Shafiq,Junaid Khan,Mohammad Hafeez,Wahab Riaz,Shoaib Malik,Mohammad Irfan,0,Pakistan,Edgbaston,0,2013
Karachi,6,India,1,RP Singh,SK Raina,Yuvraj Singh,PP Ojha,MS Dhoni,V Sehwag,I Sharma,G Gambhir,RG Sharma,RV Uthappa,IK Pathan,7,KMDN Kulasekara,BAW Mendis,DPMD Jayawardene,LPC Silva,TM Dilshan,T Thushara,ST Jayasuriya,KC Sangakkara,CK Kapugedera,WPUJC Vaas,M Muralitharan,0,Sri Lanka,National Stadium,1,2008
Jamaica,16,West Indies,1,A Mishra,YK Pathan,R Vinay Kumar,I Sharma,V Kohli,RG Sharma,S Dhawan,R Ashwin,PA Patel,MK Tiwary,SK Raina,6,DM Bravo,DJG Sammy,,MN Samuels,RR Sarwan,AB Barath,LMP Simmons,KAJ Roach,AD Russell,KA Pollard,A Martin,0,India,"Sabina Park, Kingston",0,2011
Mirpur,14,India,1,PP Chawla,Yuvraj Singh,SK Raina,P Kumar,MS Dhoni,V Sehwag,I Sharma,G Gambhir,RG Sharma,IK Pathan,YK Pathan,6,Fawad Alam,Misbah-ul-Haq,,Salman Butt,Sohail Tanvir,Kamran Akmal,Younis Khan,Iftikhar Anjum,Umar Gul,Shoaib Malik,Shahid Afridi,0,Pakistan,Shere Bangla National Stadium,1,2008
Mirpur,2,India,0,AT Rayudu,Mohammed Shami,AM Rahane,A Mishra,B Kumar,V Kohli,RG Sharma,KD Karthik,S Dhawan,RA Jadeja,R Ashwin,3,Saeed Ajmal,Misbah-ul-Haq,Sharjeel Khan,Sohaib Maqsood,Ahmed Shehzad,Umar Gul,Junaid Khan,Mohammad Hafeez,Umar Akmal,Mohammad Talha,Shahid Afridi,0,Pakistan,Shere Bangla National Stadium,1,2014
Perth,8,India,1,P Kumar,SR Tendulkar,R Vinay Kumar,MS Dhoni,V Sehwag,V Kohli,Z Khan,RG Sharma,RA Jadeja,R Ashwin,SK Raina,2,KMDN Kulasekara,LD Chandimal,DPMD Jayawardene,TM Dilshan,HDRL Thirimanne,KTGD Prasad,SL Malinga,WU Tharanga,KC Sangakkara,NLTC Perera,AD Mathews,0,Sri Lanka,Western Australia Cricket Association Ground,0,2012
Delhi,6,India,0,B Kumar,Shami Ahmed,AM Rahane,MS Dhoni,I Sharma,V Kohli,G Gambhir,R Ashwin,RA Jadeja,SK Raina,Yuvraj Singh,1,Saeed Ajmal,Mohammad Irfan,Misbah-ul-Haq,Kamran Akmal,Younis Khan,Nasir Jamshed,Umar Gul,Junaid Khan,Mohammad Hafeez,Umar Akmal,Shoaib Malik,0,Pakistan,Feroz Shah Kotla,0,2013
Kanpur,27,India,1,B Kumar,Yuvraj Singh,Mohammed Shami,MS Dhoni,V Kohli,MM Sharma,RG Sharma,S Dhawan,R Ashwin,RA Jadeja,SK Raina,11,R Rampaul,DJG Sammy,V Permaul,KOA Powell,DM Bravo,SP Narine,LMP Simmons,JO Holder,DJ Bravo,J Charles,MN Samuels,0,West Indies,Green Park,0,2013
Bulawayo,3,Zimbabwe,0,A Mishra,CA Pujara,,MM Sharma,JD Unadkat,KD Karthik,S Dhawan,RA Jadeja,SK Raina,Mohammed Shami,AM Rahane,8,BRM Taylor,V Sibanda,KM Jarvis,TC Mutombodzi,SC Williams,BV Vitori,T Maruma,N Mushangwe,MN Waller,H Masakadza,E Chigumbura,0,India,Queens Sports Club,1,2013
Vadodara,25,India,1,P Kumar,SK Raina,SR Tendulkar,MS Dhoni,I Sharma,A Nehra,V Sehwag,G Gambhir,V Kohli,Harbhajan Singh,RA Jadeja,10,RT Ponting,CL White,MEK Hussey,PM Siddle,B Lee,AC Voges,SR Watson,TD Paine,NM Hauritz,JR Hopes,MG Johnson,0,Australia,Reliance Stadium,1,2009
Chandigarh,30,India,0,MS Dhoni,Yuvraj Singh,SR Tendulkar,V Sehwag,V Kohli,G Gambhir,Z Khan,A Nehra,Harbhajan Singh,MM Patel,SK Raina,3,Saeed Ajmal,Shahid Afridi,Misbah-ul-Haq,Kamran Akmal,Younis Khan,Abdul Razzaq,Asad Shafiq,Umar Gul,Mohammad Hafeez,Umar Akmal,Wahab Riaz,0,Pakistan,"Punjab Cricket Association Stadium, Mohali",0,2011
Delhi,27,India,1,A Nehra,,,Z Khan,Harbhajan Singh,S Tyagi,,,,,,12,TT Samaraweera,,,SHT Kandamby,TM Dilshan,M Pushpakumara,ST Jayasuriya,WU Tharanga,KC Sangakkara,,,2,Sri Lanka,Feroz Shah Kotla,0,2009
Bulawayo,30,India,1,A Mishra,M Vijay,,PP Ojha,V Kohli,RG Sharma,KD Karthik,UT Yadav,RA Jadeja,SK Raina,AB Dinda,5,S Randiv,CRD Fernando,BAW Mendis,TT Samaraweera,KMDN Kulasekara,LPC Silva,TM Dilshan,WU Tharanga,CK Kapugedera,NLTC Perera,AD Mathews,0,Sri Lanka,Queens Sports Club,0,2010
Kanpur,11,India,1,B Kumar,STR Binny,AM Rahane,A Mishra,MS Dhoni,V Kohli,RG Sharma,S Dhawan,R Ashwin,UT Yadav,SK Raina,10,DW Steyn,Imran Tahir,DA Miller,JP Duminy,AB de Villiers,K Rabada,M Morkel,F Behardien,Q de Kock,HM Amla,F du Plessis,0,South Africa,Green Park,1,2015
Leeds,5,England,0,B Kumar,Mohammed Shami,AM Rahane,AT Rayudu,MS Dhoni,V Kohli,S Dhawan,R Ashwin,UT Yadav,RA Jadeja,SK Raina,9,AD Hales,CR Woakes,JE Root,JC Buttler,JC Tredwell,ST Finn,EJG Morgan,MM Ali,JM Anderson,AN Cook,BA Stokes,0,India,Headingley,0,2014
Mumbai,25,India,1,B Kumar,SK Raina,AM Rahane,A Mishra,MS Dhoni,V Kohli,MM Sharma,AR Patel,RG Sharma,S Dhawan,Harbhajan Singh,10,DW Steyn,Imran Tahir,DA Miller,AB de Villiers,K Rabada,F Behardien,KJ Abbott,Q de Kock,D Elgar,HM Amla,F du Plessis,0,South Africa,Wankhede Stadium,1,2015
Nagpur,18,India,0,P Kumar,SK Raina,SR Tendulkar,MS Dhoni,V Sehwag,V Kohli,G Gambhir,Z Khan,A Nehra,Harbhajan Singh,RA Jadeja,12,S Randiv,BAW Mendis,DPMD Jayawardene,RAS Lakmal,SHT Kandamby,TM Dilshan,UWMBCA Welegedara,WU Tharanga,KC Sangakkara,CK Kapugedera,AD Mathews,0,Sri Lanka,"Vidarbha Cricket Association Stadium, Jamtha",1,2009
Hamilton,10,India,1,V Kohli,AM Rahane,,MM Sharma,RG Sharma,S Dhawan,R Ashwin,UT Yadav,RA Jadeja,SK Raina,Mohammed Shami,3,GH Dockrell,SR Thompson,NJ O'Brien,WTS Porterfield,A Balbirnie,GC Wilson,EC Joyce,AR Cusack,PR Stirling,JF Mooney,KJ O'Brien,0,Ireland,Seddon Park,0,2015
Mirpur,18,India,1,P Kumar,SR Tendulkar,AB Dinda,MS Dhoni,V Kohli,G Gambhir,RG Sharma,R Ashwin,IK Pathan,YK Pathan,SK Raina,3,Saeed Ajmal,Shahid Afridi,Misbah-ul-Haq,Younis Khan,Nasir Jamshed,Umar Gul,Mohammad Hafeez,Aizaz Cheema,Umar Akmal,Wahab Riaz,Hammad Azam,0,Pakistan,Shere Bangla National Stadium,0,2012
Antigua,13,West Indies,0,A Mishra,YK Pathan,SK Raina,P Kumar,I Sharma,V Kohli,S Badrinath,RG Sharma,R Ashwin,PA Patel,MK Tiwary,6,DM Bravo,DJG Sammy,DP Hyatt,MN Samuels,RR Sarwan,LMP Simmons,KAJ Roach,CS Baugh,AD Russell,KA Pollard,A Martin,0,India,"Sir Vivian Richards Stadium, North Sound",0,2011
Birmingham,27,England,0,PP Chawla,Yuvraj Singh,SR Tendulkar,RP Singh,RR Powar,MS Dhoni,R Dravid,Z Khan,KD Karthik,SC Ganguly,MM Patel,8,OA Shah,AN Cook,KP Pietersen,SCJ Broad,MJ Prior,IR Bell,CT Tremlett,RS Bopara,PD Collingwood,JM Anderson,MS Panesar,0,India,Edgbaston,0,2007
Bangalore,6,India,1,PP Chawla,Yuvraj Singh,SR Tendulkar,MS Dhoni,V Sehwag,V Kohli,Z Khan,G Gambhir,Harbhajan Singh,MM Patel,YK Pathan,3,GH Dockrell,KJ O'Brien,NJ O'Brien,AR White,WTS Porterfield,EC Joyce,AR Cusack,WB Rankin,PR Stirling,JF Mooney,DT Johnston,0,Ireland,M Chinnaswamy Stadium,0,2011
Chester-le-Street,3,England,1,P Kumar,AM Rahane,,MS Dhoni,R Dravid,V Kohli,RG Sharma,R Ashwin,PA Patel,SK Raina,R Vinay Kumar,9,SCJ Broad,,,IJL Trott,JW Dernbach,TT Bresnan,C Kieswetter,IR Bell,JM Anderson,AN Cook,SR Patel,2,India,Riverside Ground,0,2011
Kolkata,8,India,1,S Sreesanth,,,Z Khan,Harbhajan Singh,MM Patel,,,,,,2,ST Jayasuriya,,,MS Atapattu,WU Tharanga,KC Sangakkara,DPMD Jayawardene,,,,,2,Sri Lanka,Eden Gardens,0,2007
Karachi,28,Bangladesh,0,RP Singh,SK Raina,,PP Ojha,I Sharma,G Gambhir,RV Uthappa,RG Sharma,YK Pathan,Yuvraj Singh,MS Gony,6,Mashrafe Mortaza,Raqibul Hasan,Farhad Reza,Mohammad Ashraful,Nazimuddin,Tamim Iqbal,Mushfiqur Rahim,Mahmudullah,Shahadat Hossain,Abdur Razzak,Alok Kapali,0,India,National Stadium,1,2008
Vadodara,31,India,0,AB Agarkar,Yuvraj Singh,SR Tendulkar,MS Dhoni,R Dravid,Z Khan,RV Uthappa,SC Ganguly,Harbhajan Singh,A Kumble,IK Pathan,1,DS Smith,RR Emrit,S Chanderpaul,CH Gayle,D Ramdin,BC Lara,LMP Simmons,DBL Powell,DR Smith,MN Samuels,IDR Bradshaw,0,West Indies,Indian Petrochemicals Corporation Limited Sports Complex Ground,0,2007
Belfast,1,India,1,PP Chawla,SR Tendulkar,,AB Agarkar,RP Singh,MS Dhoni,R Dravid,Z Khan,G Gambhir,SC Ganguly,Yuvraj Singh,7,DW Steyn,JM Kemp,JH Kallis,JP Duminy,AB de Villiers,AJ Hall,HH Gibbs,MV Boucher,M Ntini,MN van Wyk,A Nel,0,South Africa,"Civil Service Cricket Club, Stormont",0,2007
Kochi,15,India,0,B Kumar,Shami Ahmed,AM Rahane,MS Dhoni,I Sharma,V Kohli,G Gambhir,RA Jadeja,R Ashwin,SK Raina,Yuvraj Singh,1,C Kieswetter,JE Root,SR Patel,JW Dernbach,JC Tredwell,IR Bell,ST Finn,EJG Morgan,AN Cook,KP Pietersen,CR Woakes,0,England,Nehru Stadium,0,2013
